1,Maria Petrova,0888123456,MATHEMATICS,maria.petrova@hbschool.bg
2,Ivan Georgiev,0889234567,MATHEMATICS,ivan.georgiev@hbschool.bg
3,Elena Dimitrova,0887345678,MATHEMATICS,elena.dimitrova@hbschool.bg
4,Stefka Nikolova,0886456789,BULGARIAN,stefka.nikolova@hbschool.bg
5,Petar Stoyanov,0885567890,BULGARIAN,petar.stoyanov@hbschool.bg
6,Anna Hristova,0884678901,BULGARIAN,anna.hristova@hbschool.bg
7,Maria Ivanova,0883789012,ENGLISH,maria.ivanova@hbschool.bg
8,Georgi Petkov,0882890123,ENGLISH,georgi.petkov@hbschool.bg
9,Desislava Todorova,0881901234,ENGLISH,desislava.todorova@hbschool.bg
10,Nikolay Vasilev,0880012345,HISTORY,nikolay.vasilev@hbschool.bg
11,Radka Georgieva,0889123456,HISTORY,radka.georgieva@hbschool.bg
12,Stoyan Dimitrov,0888234567,GEOGRAPHY,stoyan.dimitrov@hbschool.bg
13,Milena Petrova,0887345678,GEOGRAPHY,milena.petrova@hbschool.bg
14,Veselina Stoeva,0886456789,BIOLOGY,veselina.stoeva@hbschool.bg
15,Dimitar Nikolov,0885567890,BIOLOGY,dimitar.nikolov@hbschool.bg
16,Krasimira Yordanova,0884678901,CHEMISTRY,krasimira.yordanova@hbschool.bg
17,Atanas Petrov,0883789012,CHEMISTRY,atanas.petrov@hbschool.bg
18,Borislav Georgiev,0882890123,PHYSICS,borislav.georgiev@hbschool.bg
19,Tsvetelina Dimova,0881901234,PHYSICS,tsvetelina.dimova@hbschool.bg
20,Stefan Stefanov,0880012345,PHYSICAL_EDUCATION,stefan.stefanov@hbschool.bg
21,Maria Kostova,0889123456,PHYSICAL_EDUCATION,maria.kostova@hbschool.bg
22,Elitsa Vasileva,0888234567,ART,elitsa.vasileva@hbschool.bg
23,Hristo Hristov,0887345678,ART,hristo.hristov@hbschool.bg
24,Nevena Petkova,0886456789,MUSIC,nevena.petkova@hbschool.bg
25,Vladimir Todorov,0885567890,MUSIC,vladimir.todorov@hbschool.bg
26,Plamen Georgiev,0884678901,TECHNOLOGY,plamen.georgiev@hbschool.bg
27,Silvia Nikolova,0883789012,TECHNOLOGY,silvia.nikolova@hbschool.bg
28,Aleksandar Dimitrov,0882890123,COMPUTER_SCIENCE,aleksandar.dimitrov@hbschool.bg
29,Ivelina Stoyanova,0881901234,COMPUTER_SCIENCE,ivelina.stoyanova@hbschool.bg
30,Martin Petrov,0880012345,GERMAN,martin.petrov@hbschool.bg
31,Galina Georgieva,0889123456,GERMAN,galina.georgieva@hbschool.bg
32,Rositsa Dimitrova,0888234567,FRENCH,rositsa.dimitrova@hbschool.bg
33,Vasil Nikolov,0887345678,PHILOSOPHY,vasil.nikolov@hbschool.bg
34,Daniela Petkova,0886456789,PSYCHOLOGY,daniela.petkova@hbschool.bg
35,Director Ivan Stoyanov,0885567890,ADMINISTRATOR,director@hbschool.bg
110,Anton Petkov,088565010,5A,anton.petkov.5a@student.hbschool.bg
120,Atanas Stefanov,088565020,5A,atanas.stefanov.5a@student.hbschool.bg
102,Boris Georgiev,088565002,5A,boris.georgiev.5a@student.hbschool.bg
104,Boris Stoyanov,088565004,5A,boris.stoyanov.5a@student.hbschool.bg
108,Boris Vasilev,088565008,5A,boris.vasilev.5a@student.hbschool.bg
111,Daniela Dimitrova,088565011,5A,daniela.dimitrova.5a@student.hbschool.bg
115,Hristina Petkova,088565015,5A,hristina.petkova.5a@student.hbschool.bg
113,Kristina Todorova,088565013,5A,kristina.todorova.5a@student.hbschool.bg
117,Nevena Nikolova,088565017,5A,nevena.nikolova.5a@student.hbschool.bg
116,Nikolay Stefanov,088565016,5A,nikolay.stefanov.5a@student.hbschool.bg
103,Olga Nikolova,088565003,5A,olga.nikolova.5a@student.hbschool.bg
112,Petar Petrov,088565012,5A,petar.petrov.5a@student.hbschool.bg
101,Petya Petkova,088565001,5A,petya.petkova.5a@student.hbschool.bg
106,Plamen Stefanov,088565006,5A,plamen.stefanov.5a@student.hbschool.bg
105,Radina Stoyanova,088565005,5A,radina.stoyanova.5a@student.hbschool.bg
114,Rosen Kostov,088565014,5A,rosen.kostov.5a@student.hbschool.bg
109,Silvia Ivanova,088565009,5A,silvia.ivanova.5a@student.hbschool.bg
119,Stefka Petkova,088565019,5A,stefka.petkova.5a@student.hbschool.bg
118,Vladimir Vasilev,088565018,5A,vladimir.vasilev.5a@student.hbschool.bg
107,Zlatka Stefanova,088565007,5A,zlatka.stefanova.5a@student.hbschool.bg
124,Aleksandar Dimitrov,088566004,5B,aleksandar.dimitrov.5b@student.hbschool.bg
134,Boris Hristov,088566014,5B,boris.hristov.5b@student.hbschool.bg
128,Boris Ivanov,088566008,5B,boris.ivanov.5b@student.hbschool.bg
133,Darina Ivanova,088566013,5B,darina.ivanova.5b@student.hbschool.bg
136,Dimitar Stoyanov,088566016,5B,dimitar.stoyanov.5b@student.hbschool.bg
123,Eva Kostova,088566003,5B,eva.kostova.5b@student.hbschool.bg
135,Hristina Stefanova,088566015,5B,hristina.stefanova.5b@student.hbschool.bg
126,Hristo Ivanov,088566006,5B,hristo.ivanov.5b@student.hbschool.bg
122,Kaloyan Todorov,088566002,5B,kaloyan.todorov.5b@student.hbschool.bg
125,Karina Todorova,088566005,5B,karina.todorova.5b@student.hbschool.bg
129,Maria Kostova,088566009,5B,maria.kostova.5b@student.hbschool.bg
137,Nevena Ivanova,088566017,5B,nevena.ivanova.5b@student.hbschool.bg
139,Nevena Stefanova,088566019,5B,nevena.stefanova.5b@student.hbschool.bg
138,Petar Stoyanov,088566018,5B,petar.stoyanov.5b@student.hbschool.bg
132,Petar Vasilev,088566012,5B,petar.vasilev.5b@student.hbschool.bg
127,Ralitsa Stefanova,088566007,5B,ralitsa.stefanova.5b@student.hbschool.bg
130,Valentin Ivanov,088566010,5B,valentin.ivanov.5b@student.hbschool.bg
140,Viktor Petrov,088566020,5B,viktor.petrov.5b@student.hbschool.bg
131,Zlatka Nikolova,088566011,5B,zlatka.nikolova.5b@student.hbschool.bg
121,Zlatka Stoyanova,088566001,5B,zlatka.stoyanova.5b@student.hbschool.bg
158,Aleksandar Vasilev,088567018,5C,aleksandar.vasilev.5c@student.hbschool.bg
153,Bilyana Ivanova,088567013,5C,bilyana.ivanova.5c@student.hbschool.bg
145,Darina Petkova,088567005,5C,darina.petkova.5c@student.hbschool.bg
149,Elena Ivanova,088567009,5C,elena.ivanova.5c@student.hbschool.bg
147,Elitsa Stefanova,088567007,5C,elitsa.stefanova.5c@student.hbschool.bg
151,Hristina Petrova,088567011,5C,hristina.petrova.5c@student.hbschool.bg
154,Ivan Dimitrov,088567014,5C,ivan.dimitrov.5c@student.hbschool.bg
160,Pavel Petkov,088567020,5C,pavel.petkov.5c@student.hbschool.bg
150,Petar Stefanov,088567010,5C,petar.stefanov.5c@student.hbschool.bg
159,Petya Dimitrova,088567019,5C,petya.dimitrova.5c@student.hbschool.bg
155,Radina Stefanova,088567015,5C,radina.stefanova.5c@student.hbschool.bg
152,Rosen Hristov,088567012,5C,rosen.hristov.5c@student.hbschool.bg
142,Stefan Ivanov,088567002,5C,stefan.ivanov.5c@student.hbschool.bg
144,Stefan Nikolov,088567004,5C,stefan.nikolov.5c@student.hbschool.bg
143,Stefka Georgieva,088567003,5C,stefka.georgieva.5c@student.hbschool.bg
148,Todor Georgiev,088567008,5C,todor.georgiev.5c@student.hbschool.bg
146,Veselin Stoyanov,088567006,5C,veselin.stoyanov.5c@student.hbschool.bg
156,Viktor Hristov,088567016,5C,viktor.hristov.5c@student.hbschool.bg
141,Zhaneta Kostova,088567001,5C,zhaneta.kostova.5c@student.hbschool.bg
157,Zhaneta Todorova,088567017,5C,zhaneta.todorova.5c@student.hbschool.bg
178,Anton Georgiev,088568018,5D,anton.georgiev.5d@student.hbschool.bg
177,Daniela Stefanova,088568017,5D,daniela.stefanova.5d@student.hbschool.bg
179,Galina Petrova,088568019,5D,galina.petrova.5d@student.hbschool.bg
180,Hristo Ivanov,088568020,5D,hristo.ivanov.5d@student.hbschool.bg
172,Ivan Stefanov,088568012,5D,ivan.stefanov.5d@student.hbschool.bg
166,Jivko Hristov,088568006,5D,jivko.hristov.5d@student.hbschool.bg
167,Karina Georgieva,088568007,5D,karina.georgieva.5d@student.hbschool.bg
169,Karina Stefanova,088568009,5D,karina.stefanova.5d@student.hbschool.bg
165,Kristina Ivanova,088568005,5D,kristina.ivanova.5d@student.hbschool.bg
175,Kristina Petkova,088568015,5D,kristina.petkova.5d@student.hbschool.bg
162,Lyubomir Kostov,088568002,5D,lyubomir.kostov.5d@student.hbschool.bg
163,Maria Dimitrova,088568003,5D,maria.dimitrova.5d@student.hbschool.bg
174,Martin Nikolov,088568014,5D,martin.nikolov.5d@student.hbschool.bg
171,Milena Todorova,088568011,5D,milena.todorova.5d@student.hbschool.bg
170,Nikola Dimitrov,088568010,5D,nikola.dimitrov.5d@student.hbschool.bg
173,Oksana Stefanova,088568013,5D,oksana.stefanova.5d@student.hbschool.bg
168,Pavel Ivanov,088568008,5D,pavel.ivanov.5d@student.hbschool.bg
176,Petar Kostov,088568016,5D,petar.kostov.5d@student.hbschool.bg
164,Rosen Petkov,088568004,5D,rosen.petkov.5d@student.hbschool.bg
161,Silvia Petrova,088568001,5D,silvia.petrova.5d@student.hbschool.bg
192,Aleksandar Georgiev,088665012,6A,aleksandar.georgiev.6a@student.hbschool.bg
191,Aleksandra Vasileva,088665011,6A,aleksandra.vasileva.6a@student.hbschool.bg
196,Boris Ivanov,088665016,6A,boris.ivanov.6a@student.hbschool.bg
200,Daniel Ivanov,088665020,6A,daniel.ivanov.6a@student.hbschool.bg
190,Daniel Stefanov,088665010,6A,daniel.stefanov.6a@student.hbschool.bg
197,Darina Petkova,088665017,6A,darina.petkova.6a@student.hbschool.bg
193,Elitsa Stoyanova,088665013,6A,elitsa.stoyanova.6a@student.hbschool.bg
182,Georgi Petkov,088665002,6A,georgi.petkov.6a@student.hbschool.bg
185,Gergana Ivanova,088665005,6A,gergana.ivanova.6a@student.hbschool.bg
199,Kalina Hristova,088665019,6A,kalina.hristova.6a@student.hbschool.bg
195,Kristina Nikolova,088665015,6A,kristina.nikolova.6a@student.hbschool.bg
184,Martin Kostov,088665004,6A,martin.kostov.6a@student.hbschool.bg
189,Milena Georgieva,088665009,6A,milena.georgieva.6a@student.hbschool.bg
194,Ognyan Dimitrov,088665014,6A,ognyan.dimitrov.6a@student.hbschool.bg
186,Petar Petrov,088665006,6A,petar.petrov.6a@student.hbschool.bg
181,Petya Stoyanova,088665001,6A,petya.stoyanova.6a@student.hbschool.bg
183,Tsvetanka Petkova,088665003,6A,tsvetanka.petkova.6a@student.hbschool.bg
187,Tsvetanka Vasileva,088665007,6A,tsvetanka.vasileva.6a@student.hbschool.bg
188,Veselin Petkov,088665008,6A,veselin.petkov.6a@student.hbschool.bg
198,Yasen Stoyanov,088665018,6A,yasen.stoyanov.6a@student.hbschool.bg
209,Aleksandra Dimitrova,088666009,6B,aleksandra.dimitrova.6b@student.hbschool.bg
201,Anna Vasileva,088666001,6B,anna.vasileva.6b@student.hbschool.bg
202,Daniel Georgiev,088666002,6B,daniel.georgiev.6b@student.hbschool.bg
212,Dimitar Stefanov,088666012,6B,dimitar.stefanov.6b@student.hbschool.bg
210,Emil Vasilev,088666010,6B,emil.vasilev.6b@student.hbschool.bg
214,Ivan Petkov,088666014,6B,ivan.petkov.6b@student.hbschool.bg
208,Ivan Vasilev,088666008,6B,ivan.vasilev.6b@student.hbschool.bg
218,Kaloyan Nikolov,088666018,6B,kaloyan.nikolov.6b@student.hbschool.bg
211,Karina Stefanova,088666011,6B,karina.stefanova.6b@student.hbschool.bg
203,Kristina Petkova,088666003,6B,kristina.petkova.6b@student.hbschool.bg
206,Lazar Vasilev,088666006,6B,lazar.vasilev.6b@student.hbschool.bg
207,Milena Dimitrova,088666007,6B,milena.dimitrova.6b@student.hbschool.bg
205,Nevena Ivanova,088666005,6B,nevena.ivanova.6b@student.hbschool.bg
215,Nevena Petrova,088666015,6B,nevena.petrova.6b@student.hbschool.bg
216,Pavel Petrov,088666016,6B,pavel.petrov.6b@student.hbschool.bg
204,Stefan Todorov,088666004,6B,stefan.todorov.6b@student.hbschool.bg
213,Teodora Stefanova,088666013,6B,teodora.stefanova.6b@student.hbschool.bg
220,Todor Todorov,088666020,6B,todor.todorov.6b@student.hbschool.bg
217,Violeta Vasileva,088666017,6B,violeta.vasileva.6b@student.hbschool.bg
219,Yana Georgieva,088666019,6B,yana.georgieva.6b@student.hbschool.bg
231,Aleksandra Petrova,088667011,6C,aleksandra.petrova.6c@student.hbschool.bg
236,Atanas Hristov,088667016,6C,atanas.hristov.6c@student.hbschool.bg
224,Atanas Vasilev,088667004,6C,atanas.vasilev.6c@student.hbschool.bg
229,Daniela Georgieva,088667009,6C,daniela.georgieva.6c@student.hbschool.bg
223,Darina Petrova,088667003,6C,darina.petrova.6c@student.hbschool.bg
228,Dimitar Stefanov,088667008,6C,dimitar.stefanov.6c@student.hbschool.bg
238,Ivan Nikolov,088667018,6C,ivan.nikolov.6c@student.hbschool.bg
222,Ivan Todorov,088667002,6C,ivan.todorov.6c@student.hbschool.bg
230,Jivko Stoyanov,088667010,6C,jivko.stoyanov.6c@student.hbschool.bg
226,Martin Stoyanov,088667006,6C,martin.stoyanov.6c@student.hbschool.bg
232,Martin Vasilev,088667012,6C,martin.vasilev.6c@student.hbschool.bg
235,Nevena Nikolova,088667015,6C,nevena.nikolova.6c@student.hbschool.bg
240,Nikola Georgiev,088667020,6C,nikola.georgiev.6c@student.hbschool.bg
234,Nikolay Dimitrov,088667014,6C,nikolay.dimitrov.6c@student.hbschool.bg
225,Oksana Stefanova,088667005,6C,oksana.stefanova.6c@student.hbschool.bg
233,Oksana Stoyanova,088667013,6C,oksana.stoyanova.6c@student.hbschool.bg
227,Petya Hristova,088667007,6C,petya.hristova.6c@student.hbschool.bg
221,Silvia Stoyanova,088667001,6C,silvia.stoyanova.6c@student.hbschool.bg
237,Tanya Stoyanova,088667017,6C,tanya.stoyanova.6c@student.hbschool.bg
239,Tsvetanka Kostova,088667019,6C,tsvetanka.kostova.6c@student.hbschool.bg
251,Anelia Georgieva,088668011,6D,anelia.georgieva.6d@student.hbschool.bg
252,Dimitar Nikolov,088668012,6D,dimitar.nikolov.6d@student.hbschool.bg
245,Elena Nikolova,088668005,6D,elena.nikolova.6d@student.hbschool.bg
250,Filip Georgiev,088668010,6D,filip.georgiev.6d@student.hbschool.bg
249,Galina Vasileva,088668009,6D,galina.vasileva.6d@student.hbschool.bg
243,Hristina Todorova,088668003,6D,hristina.todorova.6d@student.hbschool.bg
260,Hristo Ivanov,088668020,6D,hristo.ivanov.6d@student.hbschool.bg
246,Kaloyan Kostov,088668006,6D,kaloyan.kostov.6d@student.hbschool.bg
257,Kristina Nikolova,088668017,6D,kristina.nikolova.6d@student.hbschool.bg
241,Kristina Petrova,088668001,6D,kristina.petrova.6d@student.hbschool.bg
244,Lyubomir Kostov,088668004,6D,lyubomir.kostov.6d@student.hbschool.bg
258,Lyubomir Stoyanov,088668018,6D,lyubomir.stoyanov.6d@student.hbschool.bg
256,Martin Kostov,088668016,6D,martin.kostov.6d@student.hbschool.bg
248,Nikola Todorov,088668008,6D,nikola.todorov.6d@student.hbschool.bg
247,Radina Georgieva,088668007,6D,radina.georgieva.6d@student.hbschool.bg
254,Simeon Ivanov,088668014,6D,simeon.ivanov.6d@student.hbschool.bg
259,Tsvetanka Hristova,088668019,6D,tsvetanka.hristova.6d@student.hbschool.bg
253,Violeta Vasileva,088668013,6D,violeta.vasileva.6d@student.hbschool.bg
242,Yasen Vasilev,088668002,6D,yasen.vasilev.6d@student.hbschool.bg
255,Zhaneta Stoyanova,088668015,6D,zhaneta.stoyanova.6d@student.hbschool.bg
273,Anelia Petkova,088765013,7A,anelia.petkova.7a@student.hbschool.bg
265,Eva Stefanova,088765005,7A,eva.stefanova.7a@student.hbschool.bg
264,Filip Nikolov,088765004,7A,filip.nikolov.7a@student.hbschool.bg
270,Georgi Georgiev,088765010,7A,georgi.georgiev.7a@student.hbschool.bg
271,Gergana Todorova,088765011,7A,gergana.todorova.7a@student.hbschool.bg
279,Kristina Petrova,088765019,7A,kristina.petrova.7a@student.hbschool.bg
262,Lazar Ivanov,088765002,7A,lazar.ivanov.7a@student.hbschool.bg
267,Nevena Nikolova,088765007,7A,nevena.nikolova.7a@student.hbschool.bg
275,Nevena Nikolova,088765015,7A,nevena.nikolova.7a@student.hbschool.bg
277,Nevena Todorova,088765017,7A,nevena.todorova.7a@student.hbschool.bg
280,Pavel Dimitrov,088765020,7A,pavel.dimitrov.7a@student.hbschool.bg
268,Petar Stoyanov,088765008,7A,petar.stoyanov.7a@student.hbschool.bg
274,Plamen Georgiev,088765014,7A,plamen.georgiev.7a@student.hbschool.bg
263,Radina Georgieva,088765003,7A,radina.georgieva.7a@student.hbschool.bg
269,Stefka Stefanova,088765009,7A,stefka.stefanova.7a@student.hbschool.bg
261,Teodora Hristova,088765001,7A,teodora.hristova.7a@student.hbschool.bg
272,Valentin Hristov,088765012,7A,valentin.hristov.7a@student.hbschool.bg
278,Veselin Petrov,088765018,7A,veselin.petrov.7a@student.hbschool.bg
266,Viktor Petkov,088765006,7A,viktor.petkov.7a@student.hbschool.bg
276,Yasen Dimitrov,088765016,7A,yasen.dimitrov.7a@student.hbschool.bg
292,Aleksandar Vasilev,088766012,7B,aleksandar.vasilev.7b@student.hbschool.bg
294,Aleksandar Vasilev,088766014,7B,aleksandar.vasilev.7b@student.hbschool.bg
297,Aleksandra Ivanova,088766017,7B,aleksandra.ivanova.7b@student.hbschool.bg
287,Aleksandra Todorova,088766007,7B,aleksandra.todorova.7b@student.hbschool.bg
283,Anelia Ivanova,088766003,7B,anelia.ivanova.7b@student.hbschool.bg
285,Bilyana Hristova,088766005,7B,bilyana.hristova.7b@student.hbschool.bg
281,Bilyana Todorova,088766001,7B,bilyana.todorova.7b@student.hbschool.bg
295,Daniela Ivanova,088766015,7B,daniela.ivanova.7b@student.hbschool.bg
289,Desislava Todorova,088766009,7B,desislava.todorova.7b@student.hbschool.bg
291,Elitsa Stefanova,088766011,7B,elitsa.stefanova.7b@student.hbschool.bg
299,Gergana Petrova,088766019,7B,gergana.petrova.7b@student.hbschool.bg
296,Hristo Stoyanov,088766016,7B,hristo.stoyanov.7b@student.hbschool.bg
288,Lyubomir Petkov,088766008,7B,lyubomir.petkov.7b@student.hbschool.bg
286,Nikolay Stoyanov,088766006,7B,nikolay.stoyanov.7b@student.hbschool.bg
284,Petar Dimitrov,088766004,7B,petar.dimitrov.7b@student.hbschool.bg
298,Petar Vasilev,088766018,7B,petar.vasilev.7b@student.hbschool.bg
290,Rosen Hristov,088766010,7B,rosen.hristov.7b@student.hbschool.bg
300,Simeon Dimitrov,088766020,7B,simeon.dimitrov.7b@student.hbschool.bg
282,Vladimir Kostov,088766002,7B,vladimir.kostov.7b@student.hbschool.bg
293,Zlatka Petkova,088766013,7B,zlatka.petkova.7b@student.hbschool.bg
309,Anna Ivanova,088767009,7C,anna.ivanova.7c@student.hbschool.bg
317,Anna Nikolova,088767017,7C,anna.nikolova.7c@student.hbschool.bg
306,Daniel Stefanov,088767006,7C,daniel.stefanov.7c@student.hbschool.bg
310,Dimitar Petkov,088767010,7C,dimitar.petkov.7c@student.hbschool.bg
314,Dimitar Todorov,088767014,7C,dimitar.todorov.7c@student.hbschool.bg
318,Georgi Stefanov,088767018,7C,georgi.stefanov.7c@student.hbschool.bg
320,Georgi Stefanov,088767020,7C,georgi.stefanov.7c@student.hbschool.bg
316,Georgi Todorov,088767016,7C,georgi.todorov.7c@student.hbschool.bg
301,Kalina Vasileva,088767001,7C,kalina.vasileva.7c@student.hbschool.bg
315,Nevena Georgieva,088767015,7C,nevena.georgieva.7c@student.hbschool.bg
311,Nevena Ivanova,088767011,7C,nevena.ivanova.7c@student.hbschool.bg
312,Nikolay Hristov,088767012,7C,nikolay.hristov.7c@student.hbschool.bg
308,Petar Dimitrov,088767008,7C,petar.dimitrov.7c@student.hbschool.bg
307,Petya Georgieva,088767007,7C,petya.georgieva.7c@student.hbschool.bg
313,Radina Nikolova,088767013,7C,radina.nikolova.7c@student.hbschool.bg
304,Rosen Stefanov,088767004,7C,rosen.stefanov.7c@student.hbschool.bg
305,Silvia Kostova,088767005,7C,silvia.kostova.7c@student.hbschool.bg
302,Simeon Kostov,088767002,7C,simeon.kostov.7c@student.hbschool.bg
303,Stefka Ivanova,088767003,7C,stefka.ivanova.7c@student.hbschool.bg
319,Tsvetanka Todorova,088767019,7C,tsvetanka.todorova.7c@student.hbschool.bg
321,Anelia Hristova,088768001,7D,anelia.hristova.7d@student.hbschool.bg
339,Desislava Nikolova,088768019,7D,desislava.nikolova.7d@student.hbschool.bg
329,Eva Petkova,088768009,7D,eva.petkova.7d@student.hbschool.bg
332,Georgi Stefanov,088768012,7D,georgi.stefanov.7d@student.hbschool.bg
336,Ivan Georgiev,088768016,7D,ivan.georgiev.7d@student.hbschool.bg
328,Ivan Todorov,088768008,7D,ivan.todorov.7d@student.hbschool.bg
330,Jivko Ivanov,088768010,7D,jivko.ivanov.7d@student.hbschool.bg
337,Karina Stefanova,088768017,7D,karina.stefanova.7d@student.hbschool.bg
340,Lyubomir Stefanov,088768020,7D,lyubomir.stefanov.7d@student.hbschool.bg
326,Martin Stefanov,088768006,7D,martin.stefanov.7d@student.hbschool.bg
331,Petya Hristova,088768011,7D,petya.hristova.7d@student.hbschool.bg
325,Petya Kostova,088768005,7D,petya.kostova.7d@student.hbschool.bg
333,Radina Hristova,088768013,7D,radina.hristova.7d@student.hbschool.bg
324,Rosen Nikolov,088768004,7D,rosen.nikolov.7d@student.hbschool.bg
322,Stoyan Petrov,088768002,7D,stoyan.petrov.7d@student.hbschool.bg
323,Tsvetanka Georgieva,088768003,7D,tsvetanka.georgieva.7d@student.hbschool.bg
334,Veselin Vasilev,088768014,7D,veselin.vasilev.7d@student.hbschool.bg
338,Viktor Petkov,088768018,7D,viktor.petkov.7d@student.hbschool.bg
327,Violeta Stefanova,088768007,7D,violeta.stefanova.7d@student.hbschool.bg
335,Yana Dimitrova,088768015,7D,yana.dimitrova.7d@student.hbschool.bg
351,Aleksandra Stefanova,088865011,8A,aleksandra.stefanova.8a@student.hbschool.bg
347,Anna Dimitrova,088865007,8A,anna.dimitrova.8a@student.hbschool.bg
350,Anton Petkov,088865010,8A,anton.petkov.8a@student.hbschool.bg
358,Filip Dimitrov,088865018,8A,filip.dimitrov.8a@student.hbschool.bg
343,Hristina Petrova,088865003,8A,hristina.petrova.8a@student.hbschool.bg
349,Hristina Vasileva,088865009,8A,hristina.vasileva.8a@student.hbschool.bg
355,Irina Georgieva,088865015,8A,irina.georgieva.8a@student.hbschool.bg
342,Kaloyan Ivanov,088865002,8A,kaloyan.ivanov.8a@student.hbschool.bg
344,Lazar Stoyanov,088865004,8A,lazar.stoyanov.8a@student.hbschool.bg
352,Martin Stoyanov,088865012,8A,martin.stoyanov.8a@student.hbschool.bg
345,Nevena Ivanova,088865005,8A,nevena.ivanova.8a@student.hbschool.bg
357,Radina Nikolova,088865017,8A,radina.nikolova.8a@student.hbschool.bg
348,Simeon Todorov,088865008,8A,simeon.todorov.8a@student.hbschool.bg
360,Stefan Nikolov,088865020,8A,stefan.nikolov.8a@student.hbschool.bg
354,Stoyan Dimitrov,088865014,8A,stoyan.dimitrov.8a@student.hbschool.bg
353,Tsvetanka Petrova,088865013,8A,tsvetanka.petrova.8a@student.hbschool.bg
346,Viktor Dimitrov,088865006,8A,viktor.dimitrov.8a@student.hbschool.bg
356,Viktor Nikolov,088865016,8A,viktor.nikolov.8a@student.hbschool.bg
341,Violeta Dimitrova,088865001,8A,violeta.dimitrova.8a@student.hbschool.bg
359,Zlatka Nikolova,088865019,8A,zlatka.nikolova.8a@student.hbschool.bg
374,Aleksandar Stoyanov,088866014,8B,aleksandar.stoyanov.8b@student.hbschool.bg
363,Boryana Stoyanova,088866003,8B,boryana.stoyanova.8b@student.hbschool.bg
380,Daniel Petrov,088866020,8B,daniel.petrov.8b@student.hbschool.bg
371,Darina Nikolova,088866011,8B,darina.nikolova.8b@student.hbschool.bg
361,Elena Hristova,088866001,8B,elena.hristova.8b@student.hbschool.bg
372,Filip Georgiev,088866012,8B,filip.georgiev.8b@student.hbschool.bg
365,Galina Dimitrova,088866005,8B,galina.dimitrova.8b@student.hbschool.bg
373,Hristina Ivanova,088866013,8B,hristina.ivanova.8b@student.hbschool.bg
375,Kristina Stefanova,088866015,8B,kristina.stefanova.8b@student.hbschool.bg
379,Milena Vasileva,088866019,8B,milena.vasileva.8b@student.hbschool.bg
362,Simeon Hristov,088866002,8B,simeon.hristov.8b@student.hbschool.bg
366,Stefan Ivanov,088866006,8B,stefan.ivanov.8b@student.hbschool.bg
378,Stoyan Nikolov,088866018,8B,stoyan.nikolov.8b@student.hbschool.bg
367,Tsvetanka Stoyanova,088866007,8B,tsvetanka.stoyanova.8b@student.hbschool.bg
370,Valentin Ivanov,088866010,8B,valentin.ivanov.8b@student.hbschool.bg
364,Valentin Stefanov,088866004,8B,valentin.stefanov.8b@student.hbschool.bg
368,Viktor Ivanov,088866008,8B,viktor.ivanov.8b@student.hbschool.bg
377,Violeta Ivanova,088866017,8B,violeta.ivanova.8b@student.hbschool.bg
369,Yana Kostova,088866009,8B,yana.kostova.8b@student.hbschool.bg
376,Yasen Kostov,088866016,8B,yasen.kostov.8b@student.hbschool.bg
381,Anna Nikolova,088867001,8C,anna.nikolova.8c@student.hbschool.bg
391,Boryana Kostova,088867011,8C,boryana.kostova.8c@student.hbschool.bg
393,Darina Ivanova,088867013,8C,darina.ivanova.8c@student.hbschool.bg
390,Dimitar Vasilev,088867010,8C,dimitar.vasilev.8c@student.hbschool.bg
396,Filip Vasilev,088867016,8C,filip.vasilev.8c@student.hbschool.bg
383,Kristina Stoyanova,088867003,8C,kristina.stoyanova.8c@student.hbschool.bg
397,Kristina Vasileva,088867017,8C,kristina.vasileva.8c@student.hbschool.bg
386,Lyubomir Hristov,088867006,8C,lyubomir.hristov.8c@student.hbschool.bg
384,Martin Hristov,088867004,8C,martin.hristov.8c@student.hbschool.bg
395,Milena Stoyanova,088867015,8C,milena.stoyanova.8c@student.hbschool.bg
394,Ognyan Nikolov,088867014,8C,ognyan.nikolov.8c@student.hbschool.bg
385,Oksana Ivanova,088867005,8C,oksana.ivanova.8c@student.hbschool.bg
389,Tanya Stoyanova,088867009,8C,tanya.stoyanova.8c@student.hbschool.bg
382,Todor Georgiev,088867002,8C,todor.georgiev.8c@student.hbschool.bg
387,Tsvetanka Dimitrova,088867007,8C,tsvetanka.dimitrova.8c@student.hbschool.bg
399,Tsvetanka Georgieva,088867019,8C,tsvetanka.georgieva.8c@student.hbschool.bg
392,Vladimir Nikolov,088867012,8C,vladimir.nikolov.8c@student.hbschool.bg
398,Yasen Georgiev,088867018,8C,yasen.georgiev.8c@student.hbschool.bg
388,Yasen Petrov,088867008,8C,yasen.petrov.8c@student.hbschool.bg
400,Yasen Stoyanov,088867020,8C,yasen.stoyanov.8c@student.hbschool.bg
406,Aleksandar Petkov,088868006,8D,aleksandar.petkov.8d@student.hbschool.bg
402,Boris Petrov,088868002,8D,boris.petrov.8d@student.hbschool.bg
411,Boryana Petkova,088868011,8D,boryana.petkova.8d@student.hbschool.bg
412,Emil Ivanov,088868012,8D,emil.ivanov.8d@student.hbschool.bg
405,Eva Vasileva,088868005,8D,eva.vasileva.8d@student.hbschool.bg
404,Filip Ivanov,088868004,8D,filip.ivanov.8d@student.hbschool.bg
410,Jivko Stefanov,088868010,8D,jivko.stefanov.8d@student.hbschool.bg
414,Lazar Nikolov,088868014,8D,lazar.nikolov.8d@student.hbschool.bg
418,Nikola Stefanov,088868018,8D,nikola.stefanov.8d@student.hbschool.bg
408,Ognyan Kostov,088868008,8D,ognyan.kostov.8d@student.hbschool.bg
417,Petya Hristova,088868017,8D,petya.hristova.8d@student.hbschool.bg
409,Petya Stefanova,088868009,8D,petya.stefanova.8d@student.hbschool.bg
403,Radina Stoyanova,088868003,8D,radina.stoyanova.8d@student.hbschool.bg
419,Ralitsa Kostova,088868019,8D,ralitsa.kostova.8d@student.hbschool.bg
416,Simeon Nikolov,088868016,8D,simeon.nikolov.8d@student.hbschool.bg
420,Vladimir Stefanov,088868020,8D,vladimir.stefanov.8d@student.hbschool.bg
407,Yana Hristova,088868007,8D,yana.hristova.8d@student.hbschool.bg
415,Yana Stoyanova,088868015,8D,yana.stoyanova.8d@student.hbschool.bg
401,Zhaneta Ivanova,088868001,8D,zhaneta.ivanova.8d@student.hbschool.bg
413,Zhaneta Kostova,088868013,8D,zhaneta.kostova.8d@student.hbschool.bg
421,Darina Dimitrova,088965001,9A,darina.dimitrova.9a@student.hbschool.bg
423,Elitsa Hristova,088965003,9A,elitsa.hristova.9a@student.hbschool.bg
439,Eva Nikolova,088965019,9A,eva.nikolova.9a@student.hbschool.bg
438,Filip Kostov,088965018,9A,filip.kostov.9a@student.hbschool.bg
432,Filip Petkov,088965012,9A,filip.petkov.9a@student.hbschool.bg
425,Galina Stoyanova,088965005,9A,galina.stoyanova.9a@student.hbschool.bg
436,Georgi Stefanov,088965016,9A,georgi.stefanov.9a@student.hbschool.bg
437,Irina Dimitrova,088965017,9A,irina.dimitrova.9a@student.hbschool.bg
435,Maria Hristova,088965015,9A,maria.hristova.9a@student.hbschool.bg
430,Martin Stoyanov,088965010,9A,martin.stoyanov.9a@student.hbschool.bg
433,Milena Vasileva,088965013,9A,milena.vasileva.9a@student.hbschool.bg
424,Nikolay Stefanov,088965004,9A,nikolay.stefanov.9a@student.hbschool.bg
440,Nikolay Vasilev,088965020,9A,nikolay.vasilev.9a@student.hbschool.bg
434,Ognyan Vasilev,088965014,9A,ognyan.vasilev.9a@student.hbschool.bg
427,Oksana Kostova,088965007,9A,oksana.kostova.9a@student.hbschool.bg
426,Simeon Dimitrov,088965006,9A,simeon.dimitrov.9a@student.hbschool.bg
429,Stefka Ivanova,088965009,9A,stefka.ivanova.9a@student.hbschool.bg
422,Todor Georgiev,088965002,9A,todor.georgiev.9a@student.hbschool.bg
428,Valentin Georgiev,088965008,9A,valentin.georgiev.9a@student.hbschool.bg
431,Zhaneta Stefanova,088965011,9A,zhaneta.stefanova.9a@student.hbschool.bg
449,Bilyana Georgieva,088966009,9B,bilyana.georgieva.9b@student.hbschool.bg
453,Daniela Stoyanova,088966013,9B,daniela.stoyanova.9b@student.hbschool.bg
447,Elena Dimitrova,088966007,9B,elena.dimitrova.9b@student.hbschool.bg
445,Elitsa Petkova,088966005,9B,elitsa.petkova.9b@student.hbschool.bg
443,Galina Vasileva,088966003,9B,galina.vasileva.9b@student.hbschool.bg
458,Georgi Stefanov,088966018,9B,georgi.stefanov.9b@student.hbschool.bg
444,Hristo Vasilev,088966004,9B,hristo.vasilev.9b@student.hbschool.bg
446,Ivan Dimitrov,088966006,9B,ivan.dimitrov.9b@student.hbschool.bg
442,Jivko Nikolov,088966002,9B,jivko.nikolov.9b@student.hbschool.bg
457,Nevena Hristova,088966017,9B,nevena.hristova.9b@student.hbschool.bg
441,Oksana Stoyanova,088966001,9B,oksana.stoyanova.9b@student.hbschool.bg
454,Pavel Georgiev,088966014,9B,pavel.georgiev.9b@student.hbschool.bg
451,Petya Stefanova,088966011,9B,petya.stefanova.9b@student.hbschool.bg
455,Ralitsa Vasileva,088966015,9B,ralitsa.vasileva.9b@student.hbschool.bg
456,Rosen Stefanov,088966016,9B,rosen.stefanov.9b@student.hbschool.bg
460,Rosen Stefanov,088966020,9B,rosen.stefanov.9b@student.hbschool.bg
459,Tanya Vasileva,088966019,9B,tanya.vasileva.9b@student.hbschool.bg
448,Valentin Todorov,088966008,9B,valentin.todorov.9b@student.hbschool.bg
452,Viktor Georgiev,088966012,9B,viktor.georgiev.9b@student.hbschool.bg
450,Yasen Nikolov,088966010,9B,yasen.nikolov.9b@student.hbschool.bg
463,Aleksandra Nikolova,088967003,9C,aleksandra.nikolova.9c@student.hbschool.bg
472,Anton Petkov,088967012,9C,anton.petkov.9c@student.hbschool.bg
478,Boris Hristov,088967018,9C,boris.hristov.9c@student.hbschool.bg
469,Darina Stefanova,088967009,9C,darina.stefanova.9c@student.hbschool.bg
465,Desislava Kostova,088967005,9C,desislava.kostova.9c@student.hbschool.bg
475,Elena Nikolova,088967015,9C,elena.nikolova.9c@student.hbschool.bg
467,Elitsa Dimitrova,088967007,9C,elitsa.dimitrova.9c@student.hbschool.bg
471,Hristina Todorova,088967011,9C,hristina.todorova.9c@student.hbschool.bg
470,Kaloyan Vasilev,088967010,9C,kaloyan.vasilev.9c@student.hbschool.bg
464,Nikola Dimitrov,088967004,9C,nikola.dimitrov.9c@student.hbschool.bg
462,Nikola Vasilev,088967002,9C,nikola.vasilev.9c@student.hbschool.bg
479,Olga Stefanova,088967019,9C,olga.stefanova.9c@student.hbschool.bg
473,Petya Todorova,088967013,9C,petya.todorova.9c@student.hbschool.bg
477,Petya Todorova,088967017,9C,petya.todorova.9c@student.hbschool.bg
466,Plamen Dimitrov,088967006,9C,plamen.dimitrov.9c@student.hbschool.bg
476,Plamen Todorov,088967016,9C,plamen.todorov.9c@student.hbschool.bg
480,Simeon Stoyanov,088967020,9C,simeon.stoyanov.9c@student.hbschool.bg
474,Stefan Dimitrov,088967014,9C,stefan.dimitrov.9c@student.hbschool.bg
461,Tsvetanka Vasileva,088967001,9C,tsvetanka.vasileva.9c@student.hbschool.bg
468,Veselin Georgiev,088967008,9C,veselin.georgiev.9c@student.hbschool.bg
481,Anna Vasileva,088968001,9D,anna.vasileva.9d@student.hbschool.bg
486,Boris Stefanov,088968006,9D,boris.stefanov.9d@student.hbschool.bg
497,Boryana Nikolova,088968017,9D,boryana.nikolova.9d@student.hbschool.bg
482,Georgi Nikolov,088968002,9D,georgi.nikolov.9d@student.hbschool.bg
487,Irina Hristova,088968007,9D,irina.hristova.9d@student.hbschool.bg
496,Ivan Stoyanov,088968016,9D,ivan.stoyanov.9d@student.hbschool.bg
498,Ivan Vasilev,088968018,9D,ivan.vasilev.9d@student.hbschool.bg
494,Lazar Dimitrov,088968014,9D,lazar.dimitrov.9d@student.hbschool.bg
489,Milena Todorova,088968009,9D,milena.todorova.9d@student.hbschool.bg
499,Nevena Nikolova,088968019,9D,nevena.nikolova.9d@student.hbschool.bg
485,Nevena Todorova,088968005,9D,nevena.todorova.9d@student.hbschool.bg
484,Nikolay Georgiev,088968004,9D,nikolay.georgiev.9d@student.hbschool.bg
490,Nikolay Todorov,088968010,9D,nikolay.todorov.9d@student.hbschool.bg
495,Olga Petrova,088968015,9D,olga.petrova.9d@student.hbschool.bg
500,Pavel Nikolov,088968020,9D,pavel.nikolov.9d@student.hbschool.bg
492,Petar Hristov,088968012,9D,petar.hristov.9d@student.hbschool.bg
483,Violeta Todorova,088968003,9D,violeta.todorova.9d@student.hbschool.bg
488,Vladimir Georgiev,088968008,9D,vladimir.georgiev.9d@student.hbschool.bg
491,Zhaneta Hristova,088968011,9D,zhaneta.hristova.9d@student.hbschool.bg
493,Zlatka Petrova,088968013,9D,zlatka.petrova.9d@student.hbschool.bg
517,Bilyana Vasileva,0881065017,10A,bilyana.vasileva.10a@student.hbschool.bg
502,Daniel Todorov,0881065002,10A,daniel.todorov.10a@student.hbschool.bg
513,Elena Georgieva,0881065013,10A,elena.georgieva.10a@student.hbschool.bg
508,Emil Kostov,0881065008,10A,emil.kostov.10a@student.hbschool.bg
518,Emil Stefanov,0881065018,10A,emil.stefanov.10a@student.hbschool.bg
519,Galina Stefanova,0881065019,10A,galina.stefanova.10a@student.hbschool.bg
501,Gergana Kostova,0881065001,10A,gergana.kostova.10a@student.hbschool.bg
507,Irina Georgieva,0881065007,10A,irina.georgieva.10a@student.hbschool.bg
509,Irina Hristova,0881065009,10A,irina.hristova.10a@student.hbschool.bg
516,Jivko Dimitrov,0881065016,10A,jivko.dimitrov.10a@student.hbschool.bg
505,Kalina Todorova,0881065005,10A,kalina.todorova.10a@student.hbschool.bg
506,Nikola Kostov,0881065006,10A,nikola.kostov.10a@student.hbschool.bg
515,Olga Ivanova,0881065015,10A,olga.ivanova.10a@student.hbschool.bg
520,Plamen Nikolov,0881065020,10A,plamen.nikolov.10a@student.hbschool.bg
510,Simeon Petrov,0881065010,10A,simeon.petrov.10a@student.hbschool.bg
503,Tsvetanka Petrova,0881065003,10A,tsvetanka.petrova.10a@student.hbschool.bg
504,Veselin Georgiev,0881065004,10A,veselin.georgiev.10a@student.hbschool.bg
512,Veselin Ivanov,0881065012,10A,veselin.ivanov.10a@student.hbschool.bg
511,Yana Vasileva,0881065011,10A,yana.vasileva.10a@student.hbschool.bg
514,Yasen Stoyanov,0881065014,10A,yasen.stoyanov.10a@student.hbschool.bg
521,Anna Stoyanova,0881066001,10B,anna.stoyanova.10b@student.hbschool.bg
534,Anton Stefanov,0881066014,10B,anton.stefanov.10b@student.hbschool.bg
537,Bilyana Georgieva,0881066017,10B,bilyana.georgieva.10b@student.hbschool.bg
525,Boryana Dimitrova,0881066005,10B,boryana.dimitrova.10b@student.hbschool.bg
532,Daniel Dimitrov,0881066012,10B,daniel.dimitrov.10b@student.hbschool.bg
533,Hristina Stefanova,0881066013,10B,hristina.stefanova.10b@student.hbschool.bg
530,Ivan Hristov,0881066010,10B,ivan.hristov.10b@student.hbschool.bg
540,Jivko Kostov,0881066020,10B,jivko.kostov.10b@student.hbschool.bg
531,Kalina Petrova,0881066011,10B,kalina.petrova.10b@student.hbschool.bg
523,Maria Todorova,0881066003,10B,maria.todorova.10b@student.hbschool.bg
536,Nikola Petrov,0881066016,10B,nikola.petrov.10b@student.hbschool.bg
524,Nikolay Georgiev,0881066004,10B,nikolay.georgiev.10b@student.hbschool.bg
538,Pavel Ivanov,0881066018,10B,pavel.ivanov.10b@student.hbschool.bg
535,Petya Ivanova,0881066015,10B,petya.ivanova.10b@student.hbschool.bg
529,Radina Petkova,0881066009,10B,radina.petkova.10b@student.hbschool.bg
528,Simeon Ivanov,0881066008,10B,simeon.ivanov.10b@student.hbschool.bg
526,Stefan Petkov,0881066006,10B,stefan.petkov.10b@student.hbschool.bg
522,Viktor Petkov,0881066002,10B,viktor.petkov.10b@student.hbschool.bg
527,Yana Hristova,0881066007,10B,yana.hristova.10b@student.hbschool.bg
539,Yana Vasileva,0881066019,10B,yana.vasileva.10b@student.hbschool.bg
558,Aleksandar Vasilev,0881067018,10C,aleksandar.vasilev.10c@student.hbschool.bg
555,Aleksandra Stoyanova,0881067015,10C,aleksandra.stoyanova.10c@student.hbschool.bg
541,Anelia Stoyanova,0881067001,10C,anelia.stoyanova.10c@student.hbschool.bg
548,Anton Nikolov,0881067008,10C,anton.nikolov.10c@student.hbschool.bg
549,Boryana Hristova,0881067009,10C,boryana.hristova.10c@student.hbschool.bg
543,Eva Stoyanova,0881067003,10C,eva.stoyanova.10c@student.hbschool.bg
557,Hristina Georgieva,0881067017,10C,hristina.georgieva.10c@student.hbschool.bg
556,Hristo Stefanov,0881067016,10C,hristo.stefanov.10c@student.hbschool.bg
554,Lazar Petrov,0881067014,10C,lazar.petrov.10c@student.hbschool.bg
542,Lyubomir Petkov,0881067002,10C,lyubomir.petkov.10c@student.hbschool.bg
544,Lyubomir Stefanov,0881067004,10C,lyubomir.stefanov.10c@student.hbschool.bg
559,Oksana Stefanova,0881067019,10C,oksana.stefanova.10c@student.hbschool.bg
547,Olga Dimitrova,0881067007,10C,olga.dimitrova.10c@student.hbschool.bg
560,Petar Petkov,0881067020,10C,petar.petkov.10c@student.hbschool.bg
551,Ralitsa Todorova,0881067011,10C,ralitsa.todorova.10c@student.hbschool.bg
545,Silvia Stefanova,0881067005,10C,silvia.stefanova.10c@student.hbschool.bg
552,Stefan Ivanov,0881067012,10C,stefan.ivanov.10c@student.hbschool.bg
553,Stefka Stoyanova,0881067013,10C,stefka.stoyanova.10c@student.hbschool.bg
550,Todor Petkov,0881067010,10C,todor.petkov.10c@student.hbschool.bg
546,Viktor Stefanov,0881067006,10C,viktor.stefanov.10c@student.hbschool.bg
563,Aleksandra Kostova,0881068003,10D,aleksandra.kostova.10d@student.hbschool.bg
571,Aleksandra Stefanova,0881068011,10D,aleksandra.stefanova.10d@student.hbschool.bg
565,Boryana Ivanova,0881068005,10D,boryana.ivanova.10d@student.hbschool.bg
562,Hristo Georgiev,0881068002,10D,hristo.georgiev.10d@student.hbschool.bg
570,Hristo Ivanov,0881068010,10D,hristo.ivanov.10d@student.hbschool.bg
566,Ivan Dimitrov,0881068006,10D,ivan.dimitrov.10d@student.hbschool.bg
578,Ivan Dimitrov,0881068018,10D,ivan.dimitrov.10d@student.hbschool.bg
577,Kalina Todorova,0881068017,10D,kalina.todorova.10d@student.hbschool.bg
569,Milena Petkova,0881068009,10D,milena.petkova.10d@student.hbschool.bg
573,Nevena Petrova,0881068013,10D,nevena.petrova.10d@student.hbschool.bg
568,Nikolay Petrov,0881068008,10D,nikolay.petrov.10d@student.hbschool.bg
575,Olga Stefanova,0881068015,10D,olga.stefanova.10d@student.hbschool.bg
572,Petar Petrov,0881068012,10D,petar.petrov.10d@student.hbschool.bg
576,Plamen Petkov,0881068016,10D,plamen.petkov.10d@student.hbschool.bg
564,Simeon Hristov,0881068004,10D,simeon.hristov.10d@student.hbschool.bg
574,Stefan Ivanov,0881068014,10D,stefan.ivanov.10d@student.hbschool.bg
580,Veselin Kostov,0881068020,10D,veselin.kostov.10d@student.hbschool.bg
567,Violeta Georgieva,0881068007,10D,violeta.georgieva.10d@student.hbschool.bg
579,Zhaneta Stefanova,0881068019,10D,zhaneta.stefanova.10d@student.hbschool.bg
561,Zhaneta Stoyanova,0881068001,10D,zhaneta.stoyanova.10d@student.hbschool.bg
584,Anton Todorov,0881165004,11A,anton.todorov.11a@student.hbschool.bg
600,Boris Georgiev,0881165020,11A,boris.georgiev.11a@student.hbschool.bg
588,Daniel Hristov,0881165008,11A,daniel.hristov.11a@student.hbschool.bg
596,Daniel Kostov,0881165016,11A,daniel.kostov.11a@student.hbschool.bg
585,Eva Vasileva,0881165005,11A,eva.vasileva.11a@student.hbschool.bg
590,Filip Petrov,0881165010,11A,filip.petrov.11a@student.hbschool.bg
582,Filip Stefanov,0881165002,11A,filip.stefanov.11a@student.hbschool.bg
586,Filip Stoyanov,0881165006,11A,filip.stoyanov.11a@student.hbschool.bg
591,Hristina Georgieva,0881165011,11A,hristina.georgieva.11a@student.hbschool.bg
589,Hristina Kostova,0881165009,11A,hristina.kostova.11a@student.hbschool.bg
595,Karina Hristova,0881165015,11A,karina.hristova.11a@student.hbschool.bg
592,Martin Nikolov,0881165012,11A,martin.nikolov.11a@student.hbschool.bg
598,Nikolay Stoyanov,0881165018,11A,nikolay.stoyanov.11a@student.hbschool.bg
587,Oksana Todorova,0881165007,11A,oksana.todorova.11a@student.hbschool.bg
597,Olga Ivanova,0881165017,11A,olga.ivanova.11a@student.hbschool.bg
583,Ralitsa Hristova,0881165003,11A,ralitsa.hristova.11a@student.hbschool.bg
581,Stefka Kostova,0881165001,11A,stefka.kostova.11a@student.hbschool.bg
594,Valentin Kostov,0881165014,11A,valentin.kostov.11a@student.hbschool.bg
599,Violeta Petkova,0881165019,11A,violeta.petkova.11a@student.hbschool.bg
593,Zlatka Stoyanova,0881165013,11A,zlatka.stoyanova.11a@student.hbschool.bg
608,Atanas Hristov,0881166008,11B,atanas.hristov.11b@student.hbschool.bg
620,Atanas Hristov,0881166020,11B,atanas.hristov.11b@student.hbschool.bg
614,Boris Nikolov,0881166014,11B,boris.nikolov.11b@student.hbschool.bg
603,Darina Petrova,0881166003,11B,darina.petrova.11b@student.hbschool.bg
604,Emil Ivanov,0881166004,11B,emil.ivanov.11b@student.hbschool.bg
609,Galina Ivanova,0881166009,11B,galina.ivanova.11b@student.hbschool.bg
618,Georgi Georgiev,0881166018,11B,georgi.georgiev.11b@student.hbschool.bg
607,Hristina Ivanova,0881166007,11B,hristina.ivanova.11b@student.hbschool.bg
617,Hristina Nikolova,0881166017,11B,hristina.nikolova.11b@student.hbschool.bg
612,Kaloyan Petrov,0881166012,11B,kaloyan.petrov.11b@student.hbschool.bg
601,Karina Petrova,0881166001,11B,karina.petrova.11b@student.hbschool.bg
605,Kristina Vasileva,0881166005,11B,kristina.vasileva.11b@student.hbschool.bg
619,Maria Dimitrova,0881166019,11B,maria.dimitrova.11b@student.hbschool.bg
615,Maria Hristova,0881166015,11B,maria.hristova.11b@student.hbschool.bg
602,Martin Petrov,0881166002,11B,martin.petrov.11b@student.hbschool.bg
610,Nikolay Hristov,0881166010,11B,nikolay.hristov.11b@student.hbschool.bg
606,Ognyan Kostov,0881166006,11B,ognyan.kostov.11b@student.hbschool.bg
613,Radina Stefanova,0881166013,11B,radina.stefanova.11b@student.hbschool.bg
611,Tanya Petkova,0881166011,11B,tanya.petkova.11b@student.hbschool.bg
616,Todor Kostov,0881166016,11B,todor.kostov.11b@student.hbschool.bg
629,Gergana Hristova,0881167009,11C,gergana.hristova.11c@student.hbschool.bg
627,Hristina Stoyanova,0881167007,11C,hristina.stoyanova.11c@student.hbschool.bg
637,Maria Vasileva,0881167017,11C,maria.vasileva.11c@student.hbschool.bg
632,Martin Ivanov,0881167012,11C,martin.ivanov.11c@student.hbschool.bg
633,Milena Hristova,0881167013,11C,milena.hristova.11c@student.hbschool.bg
634,Nikola Dimitrov,0881167014,11C,nikola.dimitrov.11c@student.hbschool.bg
622,Nikola Georgiev,0881167002,11C,nikola.georgiev.11c@student.hbschool.bg
630,Ognyan Georgiev,0881167010,11C,ognyan.georgiev.11c@student.hbschool.bg
636,Ognyan Petrov,0881167016,11C,ognyan.petrov.11c@student.hbschool.bg
621,Oksana Todorova,0881167001,11C,oksana.todorova.11c@student.hbschool.bg
635,Olga Petrova,0881167015,11C,olga.petrova.11c@student.hbschool.bg
639,Olga Petrova,0881167019,11C,olga.petrova.11c@student.hbschool.bg
631,Petya Stefanova,0881167011,11C,petya.stefanova.11c@student.hbschool.bg
628,Plamen Petrov,0881167008,11C,plamen.petrov.11c@student.hbschool.bg
623,Silvia Kostova,0881167003,11C,silvia.kostova.11c@student.hbschool.bg
624,Stefan Petkov,0881167004,11C,stefan.petkov.11c@student.hbschool.bg
638,Stefan Vasilev,0881167018,11C,stefan.vasilev.11c@student.hbschool.bg
626,Stoyan Kostov,0881167006,11C,stoyan.kostov.11c@student.hbschool.bg
625,Teodora Georgieva,0881167005,11C,teodora.georgieva.11c@student.hbschool.bg
640,Valentin Petrov,0881167020,11C,valentin.petrov.11c@student.hbschool.bg
645,Bilyana Hristova,0881168005,11D,bilyana.hristova.11d@student.hbschool.bg
658,Dimitar Nikolov,0881168018,11D,dimitar.nikolov.11d@student.hbschool.bg
649,Elitsa Ivanova,0881168009,11D,elitsa.ivanova.11d@student.hbschool.bg
653,Eva Todorova,0881168013,11D,eva.todorova.11d@student.hbschool.bg
657,Eva Vasileva,0881168017,11D,eva.vasileva.11d@student.hbschool.bg
646,Filip Stefanov,0881168006,11D,filip.stefanov.11d@student.hbschool.bg
652,Kaloyan Stoyanov,0881168012,11D,kaloyan.stoyanov.11d@student.hbschool.bg
655,Kristina Stoyanova,0881168015,11D,kristina.stoyanova.11d@student.hbschool.bg
660,Lazar Petrov,0881168020,11D,lazar.petrov.11d@student.hbschool.bg
642,Nikolay Dimitrov,0881168002,11D,nikolay.dimitrov.11d@student.hbschool.bg
654,Ognyan Petkov,0881168014,11D,ognyan.petkov.11d@student.hbschool.bg
650,Petar Vasilev,0881168010,11D,petar.vasilev.11d@student.hbschool.bg
647,Petya Georgieva,0881168007,11D,petya.georgieva.11d@student.hbschool.bg
643,Silvia Stefanova,0881168003,11D,silvia.stefanova.11d@student.hbschool.bg
656,Stoyan Kostov,0881168016,11D,stoyan.kostov.11d@student.hbschool.bg
648,Stoyan Stefanov,0881168008,11D,stoyan.stefanov.11d@student.hbschool.bg
651,Tanya Nikolova,0881168011,11D,tanya.nikolova.11d@student.hbschool.bg
641,Teodora Georgieva,0881168001,11D,teodora.georgieva.11d@student.hbschool.bg
644,Todor Vasilev,0881168004,11D,todor.vasilev.11d@student.hbschool.bg
659,Zlatka Ivanova,0881168019,11D,zlatka.ivanova.11d@student.hbschool.bg
663,Aleksandra Hristova,0881265003,12A,aleksandra.hristova.12a@student.hbschool.bg
666,Atanas Georgiev,0881265006,12A,atanas.georgiev.12a@student.hbschool.bg
664,Atanas Hristov,0881265004,12A,atanas.hristov.12a@student.hbschool.bg
661,Daniela Hristova,0881265001,12A,daniela.hristova.12a@student.hbschool.bg
665,Elena Kostova,0881265005,12A,elena.kostova.12a@student.hbschool.bg
677,Kalina Stefanova,0881265017,12A,kalina.stefanova.12a@student.hbschool.bg
673,Karina Vasileva,0881265013,12A,karina.vasileva.12a@student.hbschool.bg
671,Kristina Petkova,0881265011,12A,kristina.petkova.12a@student.hbschool.bg
680,Lyubomir Todorov,0881265020,12A,lyubomir.todorov.12a@student.hbschool.bg
672,Ognyan Hristov,0881265012,12A,ognyan.hristov.12a@student.hbschool.bg
668,Ognyan Petrov,0881265008,12A,ognyan.petrov.12a@student.hbschool.bg
678,Pavel Vasilev,0881265018,12A,pavel.vasilev.12a@student.hbschool.bg
674,Petar Petkov,0881265014,12A,petar.petkov.12a@student.hbschool.bg
676,Petar Petrov,0881265016,12A,petar.petrov.12a@student.hbschool.bg
669,Petya Georgieva,0881265009,12A,petya.georgieva.12a@student.hbschool.bg
679,Ralitsa Petkova,0881265019,12A,ralitsa.petkova.12a@student.hbschool.bg
662,Stoyan Petrov,0881265002,12A,stoyan.petrov.12a@student.hbschool.bg
670,Viktor Petkov,0881265010,12A,viktor.petkov.12a@student.hbschool.bg
675,Yana Petrova,0881265015,12A,yana.petrova.12a@student.hbschool.bg
667,Yana Todorova,0881265007,12A,yana.todorova.12a@student.hbschool.bg
682,Aleksandar Ivanov,0881266002,12B,aleksandar.ivanov.12b@student.hbschool.bg
694,Aleksandar Vasilev,0881266014,12B,aleksandar.vasilev.12b@student.hbschool.bg
681,Aleksandra Petrova,0881266001,12B,aleksandra.petrova.12b@student.hbschool.bg
686,Anton Todorov,0881266006,12B,anton.todorov.12b@student.hbschool.bg
685,Boryana Ivanova,0881266005,12B,boryana.ivanova.12b@student.hbschool.bg
690,Emil Nikolov,0881266010,12B,emil.nikolov.12b@student.hbschool.bg
695,Irina Georgieva,0881266015,12B,irina.georgieva.12b@student.hbschool.bg
697,Irina Ivanova,0881266017,12B,irina.ivanova.12b@student.hbschool.bg
688,Ivan Stoyanov,0881266008,12B,ivan.stoyanov.12b@student.hbschool.bg
684,Jivko Todorov,0881266004,12B,jivko.todorov.12b@student.hbschool.bg
689,Milena Todorova,0881266009,12B,milena.todorova.12b@student.hbschool.bg
693,Milena Todorova,0881266013,12B,milena.todorova.12b@student.hbschool.bg
692,Nikolay Petrov,0881266012,12B,nikolay.petrov.12b@student.hbschool.bg
687,Oksana Kostova,0881266007,12B,oksana.kostova.12b@student.hbschool.bg
700,Pavel Petkov,0881266020,12B,pavel.petkov.12b@student.hbschool.bg
696,Petar Kostov,0881266016,12B,petar.kostov.12b@student.hbschool.bg
699,Tsvetanka Todorova,0881266019,12B,tsvetanka.todorova.12b@student.hbschool.bg
698,Viktor Stefanov,0881266018,12B,viktor.stefanov.12b@student.hbschool.bg
691,Zhaneta Stoyanova,0881266011,12B,zhaneta.stoyanova.12b@student.hbschool.bg
683,Zlatka Nikolova,0881266003,12B,zlatka.nikolova.12b@student.hbschool.bg
705,Aleksandra Dimitrova,0881267005,12C,aleksandra.dimitrova.12c@student.hbschool.bg
710,Anton Nikolov,0881267010,12C,anton.nikolov.12c@student.hbschool.bg
720,Anton Nikolov,0881267020,12C,anton.nikolov.12c@student.hbschool.bg
704,Atanas Ivanov,0881267004,12C,atanas.ivanov.12c@student.hbschool.bg
707,Daniela Nikolova,0881267007,12C,daniela.nikolova.12c@student.hbschool.bg
719,Darina Ivanova,0881267019,12C,darina.ivanova.12c@student.hbschool.bg
715,Elitsa Kostova,0881267015,12C,elitsa.kostova.12c@student.hbschool.bg
711,Galina Dimitrova,0881267011,12C,galina.dimitrova.12c@student.hbschool.bg
702,Georgi Petrov,0881267002,12C,georgi.petrov.12c@student.hbschool.bg
712,Georgi Stoyanov,0881267012,12C,georgi.stoyanov.12c@student.hbschool.bg
701,Irina Dimitrova,0881267001,12C,irina.dimitrova.12c@student.hbschool.bg
706,Kaloyan Kostov,0881267006,12C,kaloyan.kostov.12c@student.hbschool.bg
714,Kaloyan Vasilev,0881267014,12C,kaloyan.vasilev.12c@student.hbschool.bg
713,Milena Hristova,0881267013,12C,milena.hristova.12c@student.hbschool.bg
703,Milena Ivanova,0881267003,12C,milena.ivanova.12c@student.hbschool.bg
718,Ognyan Hristov,0881267018,12C,ognyan.hristov.12c@student.hbschool.bg
708,Ognyan Petrov,0881267008,12C,ognyan.petrov.12c@student.hbschool.bg
709,Stefka Ivanova,0881267009,12C,stefka.ivanova.12c@student.hbschool.bg
717,Stefka Stefanova,0881267017,12C,stefka.stefanova.12c@student.hbschool.bg
716,Stoyan Dimitrov,0881267016,12C,stoyan.dimitrov.12c@student.hbschool.bg
732,Atanas Vasilev,0881268012,12D,atanas.vasilev.12d@student.hbschool.bg
721,Darina Hristova,0881268001,12D,darina.hristova.12d@student.hbschool.bg
728,Dimitar Hristov,0881268008,12D,dimitar.hristov.12d@student.hbschool.bg
737,Elena Petrova,0881268017,12D,elena.petrova.12d@student.hbschool.bg
729,Irina Georgieva,0881268009,12D,irina.georgieva.12d@student.hbschool.bg
739,Irina Stefanova,0881268019,12D,irina.stefanova.12d@student.hbschool.bg
736,Kaloyan Petkov,0881268016,12D,kaloyan.petkov.12d@student.hbschool.bg
726,Lazar Dimitrov,0881268006,12D,lazar.dimitrov.12d@student.hbschool.bg
722,Lyubomir Todorov,0881268002,12D,lyubomir.todorov.12d@student.hbschool.bg
725,Silvia Ivanova,0881268005,12D,silvia.ivanova.12d@student.hbschool.bg
730,Simeon Hristov,0881268010,12D,simeon.hristov.12d@student.hbschool.bg
740,Simeon Petkov,0881268020,12D,simeon.petkov.12d@student.hbschool.bg
724,Stefan Vasilev,0881268004,12D,stefan.vasilev.12d@student.hbschool.bg
723,Stefka Dimitrova,0881268003,12D,stefka.dimitrova.12d@student.hbschool.bg
735,Stefka Dimitrova,0881268015,12D,stefka.dimitrova.12d@student.hbschool.bg
733,Teodora Hristova,0881268013,12D,teodora.hristova.12d@student.hbschool.bg
731,Tsvetanka Todorova,0881268011,12D,tsvetanka.todorova.12d@student.hbschool.bg
738,Valentin Vasilev,0881268018,12D,valentin.vasilev.12d@student.hbschool.bg
734,Vladimir Petkov,0881268014,12D,vladimir.petkov.12d@student.hbschool.bg
727,Zhaneta Ivanova,0881268007,12D,zhaneta.ivanova.12d@student.hbschool.bg