name,phone,role,email,ID
"Maria Petrova",888123456,"MATHEMATICS","maria.petrova@hbschool.bg",1
"Ivan Georgiev",889234567,"MATHEMATICS","ivan.georgiev@hbschool.bg",2
"Elena Dimitrova",887345678,"MATHEMATICS","elena.dimitrova@hbschool.bg",3
"Stefka Nikolova",886456789,"BULGARIAN","stefka.nikolova@hbschool.bg",4
"Petar Stoyanov",885567890,"BULGARIAN","petar.stoyanov@hbschool.bg",5
"Anna Hristova",884678901,"BULGARIAN","anna.hristova@hbschool.bg",6
"Maria Ivanova",883789012,"ENGLISH","maria.ivanova@hbschool.bg",7
"Georgi Petkov",882890123,"ENGLISH","georgi.petkov@hbschool.bg",8
"Desislava Todorova",881901234,"ENGLISH","desislava.todorova@hbschool.bg",9
"Nikolay Vasilev",880012345,"HISTORY","nikolay.vasilev@hbschool.bg",10
"Radka Georgieva",889123456,"HISTORY","radka.georgieva@hbschool.bg",11
"Stoyan Dimitrov",888234567,"GEOGRAPHY","stoyan.dimitrov@hbschool.bg",12
"Milena Petrova",887345678,"GEOGRAPHY","milena.petrova@hbschool.bg",13
"Veselina Stoeva",886456789,"BIOLOGY","veselina.stoeva@hbschool.bg",14
"Dimitar Nikolov",885567890,"BIOLOGY","dimitar.nikolov@hbschool.bg",15
"Krasimira Yordanova",884678901,"CHEMISTRY","krasimira.yordanova@hbschool.bg",16
"Atanas Petrov",883789012,"CHEMISTRY","atanas.petrov@hbschool.bg",17
"Tsvetelina Dimova",881901234,"PHYSICS","tsvetelina.dimova@hbschool.bg",19
"Stefan Stefanov",880012345,"PHYSICAL_EDUCATION","stefan.stefanov@hbschool.bg",20
"Maria Kostova",889123456,"PHYSICAL_EDUCATION","maria.kostova@hbschool.bg",21
"Elitsa Vasileva",888234567,"ART","elitsa.vasileva@hbschool.bg",22
"Hristo Hristov",887345678,"ART","hristo.hristov@hbschool.bg",23
"Nevena Petkova",886456789,"MUSIC","nevena.petkova@hbschool.bg",24
"Vladimir Todorov",885567890,"MUSIC","vladimir.todorov@hbschool.bg",25
"Plamen Georgiev",884678901,"TECHNOLOGY","plamen.georgiev@hbschool.bg",26
"Silvia Nikolova",883789012,"TECHNOLOGY","silvia.nikolova@hbschool.bg",27
"Aleksandar Dimitrov",882890123,"COMPUTER_SCIENCE","aleksandar.dimitrov@hbschool.bg",28
"Ivelina Stoyanova",881901234,"COMPUTER_SCIENCE","ivelina.stoyanova@hbschool.bg",29
"Martin Petrov",880012345,"GERMAN","martin.petrov@hbschool.bg",30
"Galina Georgieva",889123456,"GERMAN","galina.georgieva@hbschool.bg",31
"Rositsa Dimitrova",888234567,"FRENCH","rositsa.dimitrova@hbschool.bg",32
"Vasil Nikolov",887345678,"PHILOSOPHY","vasil.nikolov@hbschool.bg",33
"Daniela Petkova",886456789,"PSYCHOLOGY","daniela.petkova@hbschool.bg",34
"Director Ivan Stoyanov",885567890,"ADMINISTRATOR","director@hbschool.bg",35
"Atanas Stefanov",88565020,"5A","atanas.stefanov.5a@student.hbschool.bg",37
"Boris Georgiev",88565002,"5A","boris.georgiev.5a@student.hbschool.bg",38
"Boris Stoyanov",88565004,"5A","boris.stoyanov.5a@student.hbschool.bg",39
"Boris Vasilev",88565008,"5A","boris.vasilev.5a@student.hbschool.bg",40
"Daniela Dimitrova",88565011,"5A","daniela.dimitrova.5a@student.hbschool.bg",41
"Hristina Petkova",88565015,"5A","hristina.petkova.5a@student.hbschool.bg",42
"Kristina Todorova",88565013,"5A","kristina.todorova.5a@student.hbschool.bg",43
"Nevena Nikolova",88565017,"5A","nevena.nikolova.5a@student.hbschool.bg",44
"Nikolay Stefanov",88565016,"5A","nikolay.stefanov.5a@student.hbschool.bg",45
"Olga Nikolova",88565003,"5A","olga.nikolova.5a@student.hbschool.bg",46
"Petar Petrov",88565012,"5A","petar.petrov.5a@student.hbschool.bg",47
"Petya Petkova",88565001,"5A","petya.petkova.5a@student.hbschool.bg",48
"Plamen Stefanov",88565006,"5A","plamen.stefanov.5a@student.hbschool.bg",49
"Radina Stoyanova",88565005,"5A","radina.stoyanova.5a@student.hbschool.bg",50
"Rosen Kostov",88565014,"5A","rosen.kostov.5a@student.hbschool.bg",51
"Silvia Ivanova",88565009,"5A","silvia.ivanova.5a@student.hbschool.bg",52
"Stefka Petkova",88565019,"5A","stefka.petkova.5a@student.hbschool.bg",53
"Vladimir Vasilev",88565018,"5A","vladimir.vasilev.5a@student.hbschool.bg",54
"Zlatka Stefanova",88565007,"5A","zlatka.stefanova.5a@student.hbschool.bg",55
"Boris Hristov",88566014,"5B","boris.hristov.5b@student.hbschool.bg",57
"Boris Ivanov",88566008,"5B","boris.ivanov.5b@student.hbschool.bg",58
"Darina Ivanova",88566013,"5B","darina.ivanova.5b@student.hbschool.bg",59
"Dimitar Stoyanov",88566016,"5B","dimitar.stoyanov.5b@student.hbschool.bg",60
"Eva Kostova",88566003,"5B","eva.kostova.5b@student.hbschool.bg",61
"Hristina Stefanova",88566015,"5B","hristina.stefanova.5b@student.hbschool.bg",62
"Hristo Ivanov",88566006,"5B","hristo.ivanov.5b@student.hbschool.bg",63
"Kaloyan Todorov",88566002,"5B","kaloyan.todorov.5b@student.hbschool.bg",64
"Karina Todorova",88566005,"5B","karina.todorova.5b@student.hbschool.bg",65
"Maria Kostova",88566009,"5B","maria.kostova.5b@student.hbschool.bg",66
"Nevena Ivanova",88566017,"5B","nevena.ivanova.5b@student.hbschool.bg",67
"Nevena Stefanova",88566019,"5B","nevena.stefanova.5b@student.hbschool.bg",68
"Petar Stoyanov",88566018,"5B","petar.stoyanov.5b@student.hbschool.bg",69
"Petar Vasilev",88566012,"5B","petar.vasilev.5b@student.hbschool.bg",70
"Ralitsa Stefanova",88566007,"5B","ralitsa.stefanova.5b@student.hbschool.bg",71
"Valentin Ivanov",88566010,"5B","valentin.ivanov.5b@student.hbschool.bg",72
"Viktor Petrov",88566020,"5B","viktor.petrov.5b@student.hbschool.bg",73
"Zlatka Nikolova",88566011,"5B","zlatka.nikolova.5b@student.hbschool.bg",74
"Zlatka Stoyanova",88566001,"5B","zlatka.stoyanova.5b@student.hbschool.bg",75
"Aleksandar Vasilev",88567018,"5C","aleksandar.vasilev.5c@student.hbschool.bg",76
"Bilyana Ivanova",88567013,"5C","bilyana.ivanova.5c@student.hbschool.bg",77
"Darina Petkova",88567005,"5C","darina.petkova.5c@student.hbschool.bg",78
"Elena Ivanova",88567009,"5C","elena.ivanova.5c@student.hbschool.bg",79
"Elitsa Stefanova",88567007,"5C","elitsa.stefanova.5c@student.hbschool.bg",80
"Hristina Petrova",88567011,"5C","hristina.petrova.5c@student.hbschool.bg",81
"Ivan Dimitrov",88567014,"5C","ivan.dimitrov.5c@student.hbschool.bg",82
"Pavel Petkov",88567020,"5C","pavel.petkov.5c@student.hbschool.bg",83
"Petar Stefanov",88567010,"5C","petar.stefanov.5c@student.hbschool.bg",84
"Petya Dimitrova",88567019,"5C","petya.dimitrova.5c@student.hbschool.bg",85
"Radina Stefanova",88567015,"5C","radina.stefanova.5c@student.hbschool.bg",86
"Stefan Ivanov",88567002,"5C","stefan.ivanov.5c@student.hbschool.bg",88
"Stefan Nikolov",88567004,"5C","stefan.nikolov.5c@student.hbschool.bg",89
"Stefka Georgieva",88567003,"5C","stefka.georgieva.5c@student.hbschool.bg",90
"Todor Georgiev",88567008,"5C","todor.georgiev.5c@student.hbschool.bg",91
"Veselin Stoyanov",88567006,"5C","veselin.stoyanov.5c@student.hbschool.bg",92
"Viktor Hristov",88567016,"5C","viktor.hristov.5c@student.hbschool.bg",93
"Zhaneta Kostova",88567001,"5C","zhaneta.kostova.5c@student.hbschool.bg",94
"Zhaneta Todorova",88567017,"5C","zhaneta.todorova.5c@student.hbschool.bg",95
"Anton Georgiev",88568018,"5D","anton.georgiev.5d@student.hbschool.bg",96
"Daniela Stefanova",88568017,"5D","daniela.stefanova.5d@student.hbschool.bg",97
"Galina Petrova",88568019,"5D","galina.petrova.5d@student.hbschool.bg",98
"Hristo Ivanov",88568020,"5D","hristo.ivanov.5d@student.hbschool.bg",99
"Ivan Stefanov",88568012,"5D","ivan.stefanov.5d@student.hbschool.bg",100
"Jivko Hristov",88568006,"5D","jivko.hristov.5d@student.hbschool.bg",101
"Karina Georgieva",88568007,"5D","karina.georgieva.5d@student.hbschool.bg",102
"Karina Stefanova",88568009,"5D","karina.stefanova.5d@student.hbschool.bg",103
"Kristina Ivanova",88568005,"5D","kristina.ivanova.5d@student.hbschool.bg",104
"Kristina Petkova",88568015,"5D","kristina.petkova.5d@student.hbschool.bg",105
"Lyubomir Kostov",88568002,"5D","lyubomir.kostov.5d@student.hbschool.bg",106
"Maria Dimitrova",88568003,"5D","maria.dimitrova.5d@student.hbschool.bg",107
"Martin Nikolov",88568014,"5D","martin.nikolov.5d@student.hbschool.bg",108
"Milena Todorova",88568011,"5D","milena.todorova.5d@student.hbschool.bg",109
"Nikola Dimitrov",88568010,"5D","nikola.dimitrov.5d@student.hbschool.bg",110
"Oksana Stefanova",88568013,"5D","oksana.stefanova.5d@student.hbschool.bg",111
"Pavel Ivanov",88568008,"5D","pavel.ivanov.5d@student.hbschool.bg",112
"Petar Kostov",88568016,"5D","petar.kostov.5d@student.hbschool.bg",113
"Rosen Petkov",88568004,"5D","rosen.petkov.5d@student.hbschool.bg",114
"Silvia Petrova",88568001,"5D","silvia.petrova.5d@student.hbschool.bg",115
"Aleksandar Georgiev",88665012,"6A","aleksandar.georgiev.6a@student.hbschool.bg",116
"Boris Ivanov",88665016,"6A","boris.ivanov.6a@student.hbschool.bg",118
"Daniel Ivanov",88665020,"6A","daniel.ivanov.6a@student.hbschool.bg",119
"Daniel Stefanov",88665010,"6A","daniel.stefanov.6a@student.hbschool.bg",120
"Darina Petkova",88665017,"6A","darina.petkova.6a@student.hbschool.bg",121
"Elitsa Stoyanova",88665013,"6A","elitsa.stoyanova.6a@student.hbschool.bg",122
"Georgi Petkov",88665002,"6A","georgi.petkov.6a@student.hbschool.bg",123
"Gergana Ivanova",88665005,"6A","gergana.ivanova.6a@student.hbschool.bg",124
"Kalina Hristova",88665019,"6A","kalina.hristova.6a@student.hbschool.bg",125
"Kristina Nikolova",88665015,"6A","kristina.nikolova.6a@student.hbschool.bg",126
"Martin Kostov",88665004,"6A","martin.kostov.6a@student.hbschool.bg",127
"Milena Georgieva",88665009,"6A","milena.georgieva.6a@student.hbschool.bg",128
"Ognyan Dimitrov",88665014,"6A","ognyan.dimitrov.6a@student.hbschool.bg",129
"Petar Petrov",88665006,"6A","petar.petrov.6a@student.hbschool.bg",130
"Petya Stoyanova",88665001,"6A","petya.stoyanova.6a@student.hbschool.bg",131
"Tsvetanka Petkova",88665003,"6A","tsvetanka.petkova.6a@student.hbschool.bg",132
"Tsvetanka Vasileva",88665007,"6A","tsvetanka.vasileva.6a@student.hbschool.bg",133
"Veselin Petkov",88665008,"6A","veselin.petkov.6a@student.hbschool.bg",134
"Yasen Stoyanov",88665018,"6A","yasen.stoyanov.6a@student.hbschool.bg",135
"Aleksandra Dimitrova",88666009,"6B","aleksandra.dimitrova.6b@student.hbschool.bg",136
"Anna Vasileva",88666001,"6B","anna.vasileva.6b@student.hbschool.bg",137
"Daniel Georgiev",88666002,"6B","daniel.georgiev.6b@student.hbschool.bg",138
"Dimitar Stefanov",88666012,"6B","dimitar.stefanov.6b@student.hbschool.bg",139
"Emil Vasilev",88666010,"6B","emil.vasilev.6b@student.hbschool.bg",140
"Ivan Petkov",88666014,"6B","ivan.petkov.6b@student.hbschool.bg",141
"Ivan Vasilev",88666008,"6B","ivan.vasilev.6b@student.hbschool.bg",142
"Kaloyan Nikolov",88666018,"6B","kaloyan.nikolov.6b@student.hbschool.bg",143
"Karina Stefanova",88666011,"6B","karina.stefanova.6b@student.hbschool.bg",144
"Kristina Petkova",88666003,"6B","kristina.petkova.6b@student.hbschool.bg",145
"Lazar Vasilev",88666006,"6B","lazar.vasilev.6b@student.hbschool.bg",146
"Nevena Ivanova",88666005,"6B","nevena.ivanova.6b@student.hbschool.bg",148
"Nevena Petrova",88666015,"6B","nevena.petrova.6b@student.hbschool.bg",149
"Pavel Petrov",88666016,"6B","pavel.petrov.6b@student.hbschool.bg",150
"Stefan Todorov",88666004,"6B","stefan.todorov.6b@student.hbschool.bg",151
"Teodora Stefanova",88666013,"6B","teodora.stefanova.6b@student.hbschool.bg",152
"Todor Todorov",88666020,"6B","todor.todorov.6b@student.hbschool.bg",153
"Violeta Vasileva",88666017,"6B","violeta.vasileva.6b@student.hbschool.bg",154
"Yana Georgieva",88666019,"6B","yana.georgieva.6b@student.hbschool.bg",155
"Aleksandra Petrova",88667011,"6C","aleksandra.petrova.6c@student.hbschool.bg",156
"Atanas Hristov",88667016,"6C","atanas.hristov.6c@student.hbschool.bg",157
"Atanas Vasilev",88667004,"6C","atanas.vasilev.6c@student.hbschool.bg",158
"Daniela Georgieva",88667009,"6C","daniela.georgieva.6c@student.hbschool.bg",159
"Darina Petrova",88667003,"6C","darina.petrova.6c@student.hbschool.bg",160
"Dimitar Stefanov",88667008,"6C","dimitar.stefanov.6c@student.hbschool.bg",161
"Ivan Nikolov",88667018,"6C","ivan.nikolov.6c@student.hbschool.bg",162
"Ivan Todorov",88667002,"6C","ivan.todorov.6c@student.hbschool.bg",163
"Jivko Stoyanov",88667010,"6C","jivko.stoyanov.6c@student.hbschool.bg",164
"Martin Stoyanov",88667006,"6C","martin.stoyanov.6c@student.hbschool.bg",165
"Martin Vasilev",88667012,"6C","martin.vasilev.6c@student.hbschool.bg",166
"Nevena Nikolova",88667015,"6C","nevena.nikolova.6c@student.hbschool.bg",167
"Nikola Georgiev",88667020,"6C","nikola.georgiev.6c@student.hbschool.bg",168
"Nikolay Dimitrov",88667014,"6C","nikolay.dimitrov.6c@student.hbschool.bg",169
"Oksana Stefanova",88667005,"6C","oksana.stefanova.6c@student.hbschool.bg",170
"Oksana Stoyanova",88667013,"6C","oksana.stoyanova.6c@student.hbschool.bg",171
"Petya Hristova",88667007,"6C","petya.hristova.6c@student.hbschool.bg",172
"Tanya Stoyanova",88667017,"6C","tanya.stoyanova.6c@student.hbschool.bg",174
"Tsvetanka Kostova",88667019,"6C","tsvetanka.kostova.6c@student.hbschool.bg",175
"Anelia Georgieva",88668011,"6D","anelia.georgieva.6d@student.hbschool.bg",176
"Dimitar Nikolov",88668012,"6D","dimitar.nikolov.6d@student.hbschool.bg",177
"Elena Nikolova",88668005,"6D","elena.nikolova.6d@student.hbschool.bg",178
"Filip Georgiev",88668010,"6D","filip.georgiev.6d@student.hbschool.bg",179
"Galina Vasileva",88668009,"6D","galina.vasileva.6d@student.hbschool.bg",180
"Hristina Todorova",88668003,"6D","hristina.todorova.6d@student.hbschool.bg",181
"Hristo Ivanov",88668020,"6D","hristo.ivanov.6d@student.hbschool.bg",182
"Kaloyan Kostov",88668006,"6D","kaloyan.kostov.6d@student.hbschool.bg",183
"Kristina Nikolova",88668017,"6D","kristina.nikolova.6d@student.hbschool.bg",184
"Kristina Petrova",88668001,"6D","kristina.petrova.6d@student.hbschool.bg",185
"Lyubomir Kostov",88668004,"6D","lyubomir.kostov.6d@student.hbschool.bg",186
"Lyubomir Stoyanov",88668018,"6D","lyubomir.stoyanov.6d@student.hbschool.bg",187
"Martin Kostov",88668016,"6D","martin.kostov.6d@student.hbschool.bg",188
"Nikola Todorov",88668008,"6D","nikola.todorov.6d@student.hbschool.bg",189
"Radina Georgieva",88668007,"6D","radina.georgieva.6d@student.hbschool.bg",190
"Simeon Ivanov",88668014,"6D","simeon.ivanov.6d@student.hbschool.bg",191
"Tsvetanka Hristova",88668019,"6D","tsvetanka.hristova.6d@student.hbschool.bg",192
"Violeta Vasileva",88668013,"6D","violeta.vasileva.6d@student.hbschool.bg",193
"Yasen Vasilev",88668002,"6D","yasen.vasilev.6d@student.hbschool.bg",194
"Zhaneta Stoyanova",88668015,"6D","zhaneta.stoyanova.6d@student.hbschool.bg",195
"Anelia Petkova",88765013,"7A","anelia.petkova.7a@student.hbschool.bg",196
"Eva Stefanova",88765005,"7A","eva.stefanova.7a@student.hbschool.bg",197
"Filip Nikolov",88765004,"7A","filip.nikolov.7a@student.hbschool.bg",198
"Gergana Todorova",88765011,"7A","gergana.todorova.7a@student.hbschool.bg",200
"Kristina Petrova",88765019,"7A","kristina.petrova.7a@student.hbschool.bg",201
"Lazar Ivanov",88765002,"7A","lazar.ivanov.7a@student.hbschool.bg",202
"Nevena Nikolova",88765007,"7A","nevena.nikolova.7a@student.hbschool.bg",203
"Nevena Nikolova",88765015,"7A","nevena.nikolova.7a@student.hbschool.bg",204
"Nevena Todorova",88765017,"7A","nevena.todorova.7a@student.hbschool.bg",205
"Pavel Dimitrov",88765020,"7A","pavel.dimitrov.7a@student.hbschool.bg",206
"Petar Stoyanov",88765008,"7A","petar.stoyanov.7a@student.hbschool.bg",207
"Plamen Georgiev",88765014,"7A","plamen.georgiev.7a@student.hbschool.bg",208
"Radina Georgieva",88765003,"7A","radina.georgieva.7a@student.hbschool.bg",209
"Stefka Stefanova",88765009,"7A","stefka.stefanova.7a@student.hbschool.bg",210
"Teodora Hristova",88765001,"7A","teodora.hristova.7a@student.hbschool.bg",211
"Valentin Hristov",88765012,"7A","valentin.hristov.7a@student.hbschool.bg",212
"Veselin Petrov",88765018,"7A","veselin.petrov.7a@student.hbschool.bg",213
"Viktor Petkov",88765006,"7A","viktor.petkov.7a@student.hbschool.bg",214
"Yasen Dimitrov",88765016,"7A","yasen.dimitrov.7a@student.hbschool.bg",215
"Aleksandar Vasilev",88766012,"7B","aleksandar.vasilev.7b@student.hbschool.bg",216
"Aleksandar Vasilev",88766014,"7B","aleksandar.vasilev.7b@student.hbschool.bg",217
"Aleksandra Ivanova",88766017,"7B","aleksandra.ivanova.7b@student.hbschool.bg",218
"Aleksandra Todorova",88766007,"7B","aleksandra.todorova.7b@student.hbschool.bg",219
"Bilyana Hristova",88766005,"7B","bilyana.hristova.7b@student.hbschool.bg",221
"Bilyana Todorova",88766001,"7B","bilyana.todorova.7b@student.hbschool.bg",222
"Daniela Ivanova",88766015,"7B","daniela.ivanova.7b@student.hbschool.bg",223
"Desislava Todorova",88766009,"7B","desislava.todorova.7b@student.hbschool.bg",224
"Elitsa Stefanova",88766011,"7B","elitsa.stefanova.7b@student.hbschool.bg",225
"Gergana Petrova",88766019,"7B","gergana.petrova.7b@student.hbschool.bg",226
"Hristo Stoyanov",88766016,"7B","hristo.stoyanov.7b@student.hbschool.bg",227
"Lyubomir Petkov",88766008,"7B","lyubomir.petkov.7b@student.hbschool.bg",228
"Nikolay Stoyanov",88766006,"7B","nikolay.stoyanov.7b@student.hbschool.bg",229
"Petar Dimitrov",88766004,"7B","petar.dimitrov.7b@student.hbschool.bg",230
"Petar Vasilev",88766018,"7B","petar.vasilev.7b@student.hbschool.bg",231
"Rosen Hristov",88766010,"7B","rosen.hristov.7b@student.hbschool.bg",232
"Simeon Dimitrov",88766020,"7B","simeon.dimitrov.7b@student.hbschool.bg",233
"Vladimir Kostov",88766002,"7B","vladimir.kostov.7b@student.hbschool.bg",234
"Zlatka Petkova",88766013,"7B","zlatka.petkova.7b@student.hbschool.bg",235
"Anna Ivanova",88767009,"7C","anna.ivanova.7c@student.hbschool.bg",236
"Anna Nikolova",88767017,"7C","anna.nikolova.7c@student.hbschool.bg",237
"Daniel Stefanov",88767006,"7C","daniel.stefanov.7c@student.hbschool.bg",238
"Dimitar Petkov",88767010,"7C","dimitar.petkov.7c@student.hbschool.bg",239
"Georgi Stefanov",88767018,"7C","georgi.stefanov.7c@student.hbschool.bg",241
"Georgi Stefanov",88767020,"7C","georgi.stefanov.7c@student.hbschool.bg",242
"Georgi Todorov",88767016,"7C","georgi.todorov.7c@student.hbschool.bg",243
"Kalina Vasileva",88767001,"7C","kalina.vasileva.7c@student.hbschool.bg",244
"Nevena Georgieva",88767015,"7C","nevena.georgieva.7c@student.hbschool.bg",245
"Nevena Ivanova",88767011,"7C","nevena.ivanova.7c@student.hbschool.bg",246
"Nikolay Hristov",88767012,"7C","nikolay.hristov.7c@student.hbschool.bg",247
"Petar Dimitrov",88767008,"7C","petar.dimitrov.7c@student.hbschool.bg",248
"Petya Georgieva",88767007,"7C","petya.georgieva.7c@student.hbschool.bg",249
"Radina Nikolova",88767013,"7C","radina.nikolova.7c@student.hbschool.bg",250
"Rosen Stefanov",88767004,"7C","rosen.stefanov.7c@student.hbschool.bg",251
"Silvia Kostova",88767005,"7C","silvia.kostova.7c@student.hbschool.bg",252
"Simeon Kostov",88767002,"7C","simeon.kostov.7c@student.hbschool.bg",253
"Stefka Ivanova",88767003,"7C","stefka.ivanova.7c@student.hbschool.bg",254
"Tsvetanka Todorova",88767019,"7C","tsvetanka.todorova.7c@student.hbschool.bg",255
"Anelia Hristova",88768001,"7D","anelia.hristova.7d@student.hbschool.bg",256
"Desislava Nikolova",88768019,"7D","desislava.nikolova.7d@student.hbschool.bg",257
"Eva Petkova",88768009,"7D","eva.petkova.7d@student.hbschool.bg",258
"Georgi Stefanov",88768012,"7D","georgi.stefanov.7d@student.hbschool.bg",259
"Ivan Georgiev",88768016,"7D","ivan.georgiev.7d@student.hbschool.bg",260
"Ivan Todorov",88768008,"7D","ivan.todorov.7d@student.hbschool.bg",261
"Jivko Ivanov",88768010,"7D","jivko.ivanov.7d@student.hbschool.bg",262
"Karina Stefanova",88768017,"7D","karina.stefanova.7d@student.hbschool.bg",263
"Lyubomir Stefanov",88768020,"7D","lyubomir.stefanov.7d@student.hbschool.bg",264
"Martin Stefanov",88768006,"7D","martin.stefanov.7d@student.hbschool.bg",265
"Petya Hristova",88768011,"7D","petya.hristova.7d@student.hbschool.bg",266
"Petya Kostova",88768005,"7D","petya.kostova.7d@student.hbschool.bg",267
"Radina Hristova",88768013,"7D","radina.hristova.7d@student.hbschool.bg",268
"Rosen Nikolov",88768004,"7D","rosen.nikolov.7d@student.hbschool.bg",269
"Stoyan Petrov",88768002,"7D","stoyan.petrov.7d@student.hbschool.bg",270
"Veselin Vasilev",88768014,"7D","veselin.vasilev.7d@student.hbschool.bg",272
"Viktor Petkov",88768018,"7D","viktor.petkov.7d@student.hbschool.bg",273
"Violeta Stefanova",88768007,"7D","violeta.stefanova.7d@student.hbschool.bg",274
"Yana Dimitrova",88768015,"7D","yana.dimitrova.7d@student.hbschool.bg",275
"Aleksandra Stefanova",88865011,"8A","aleksandra.stefanova.8a@student.hbschool.bg",276
"Anna Dimitrova",88865007,"8A","anna.dimitrova.8a@student.hbschool.bg",277
"Anton Petkov",88865010,"8A","anton.petkov.8a@student.hbschool.bg",278
"Filip Dimitrov",88865018,"8A","filip.dimitrov.8a@student.hbschool.bg",279
"Hristina Petrova",88865003,"8A","hristina.petrova.8a@student.hbschool.bg",280
"Hristina Vasileva",88865009,"8A","hristina.vasileva.8a@student.hbschool.bg",281
"Irina Georgieva",88865015,"8A","irina.georgieva.8a@student.hbschool.bg",282
"Kaloyan Ivanov",88865002,"8A","kaloyan.ivanov.8a@student.hbschool.bg",283
"Lazar Stoyanov",88865004,"8A","lazar.stoyanov.8a@student.hbschool.bg",284
"Martin Stoyanov",88865012,"8A","martin.stoyanov.8a@student.hbschool.bg",285
"Nevena Ivanova",88865005,"8A","nevena.ivanova.8a@student.hbschool.bg",286
"Radina Nikolova",88865017,"8A","radina.nikolova.8a@student.hbschool.bg",287
"Simeon Todorov",88865008,"8A","simeon.todorov.8a@student.hbschool.bg",288
"Stefan Nikolov",88865020,"8A","stefan.nikolov.8a@student.hbschool.bg",289
"Stoyan Dimitrov",88865014,"8A","stoyan.dimitrov.8a@student.hbschool.bg",290
"Tsvetanka Petrova",88865013,"8A","tsvetanka.petrova.8a@student.hbschool.bg",291
"Viktor Dimitrov",88865006,"8A","viktor.dimitrov.8a@student.hbschool.bg",292
"Violeta Dimitrova",88865001,"8A","violeta.dimitrova.8a@student.hbschool.bg",294
"Zlatka Nikolova",88865019,"8A","zlatka.nikolova.8a@student.hbschool.bg",295
"Aleksandar Stoyanov",88866014,"8B","aleksandar.stoyanov.8b@student.hbschool.bg",296
"Boryana Stoyanova",88866003,"8B","boryana.stoyanova.8b@student.hbschool.bg",297
"Daniel Petrov",88866020,"8B","daniel.petrov.8b@student.hbschool.bg",298
"Darina Nikolova",88866011,"8B","darina.nikolova.8b@student.hbschool.bg",299
"Elena Hristova",88866001,"8B","elena.hristova.8b@student.hbschool.bg",300
"Filip Georgiev",88866012,"8B","filip.georgiev.8b@student.hbschool.bg",301
"Galina Dimitrova",88866005,"8B","galina.dimitrova.8b@student.hbschool.bg",302
"Hristina Ivanova",88866013,"8B","hristina.ivanova.8b@student.hbschool.bg",303
"Kristina Stefanova",88866015,"8B","kristina.stefanova.8b@student.hbschool.bg",304
"Milena Vasileva",88866019,"8B","milena.vasileva.8b@student.hbschool.bg",305
"Simeon Hristov",88866002,"8B","simeon.hristov.8b@student.hbschool.bg",306
"Stefan Ivanov",88866006,"8B","stefan.ivanov.8b@student.hbschool.bg",307
"Stoyan Nikolov",88866018,"8B","stoyan.nikolov.8b@student.hbschool.bg",308
"Tsvetanka Stoyanova",88866007,"8B","tsvetanka.stoyanova.8b@student.hbschool.bg",309
"Valentin Ivanov",88866010,"8B","valentin.ivanov.8b@student.hbschool.bg",310
"Valentin Stefanov",88866004,"8B","valentin.stefanov.8b@student.hbschool.bg",311
"Viktor Ivanov",88866008,"8B","viktor.ivanov.8b@student.hbschool.bg",312
"Violeta Ivanova",88866017,"8B","violeta.ivanova.8b@student.hbschool.bg",313
"Yana Kostova",88866009,"8B","yana.kostova.8b@student.hbschool.bg",314
"Yasen Kostov",88866016,"8B","yasen.kostov.8b@student.hbschool.bg",315
"Anna Nikolova",88867001,"8C","anna.nikolova.8c@student.hbschool.bg",316
"Boryana Kostova",88867011,"8C","boryana.kostova.8c@student.hbschool.bg",317
"Darina Ivanova",88867013,"8C","darina.ivanova.8c@student.hbschool.bg",318
"Filip Vasilev",88867016,"8C","filip.vasilev.8c@student.hbschool.bg",320
"Kristina Stoyanova",88867003,"8C","kristina.stoyanova.8c@student.hbschool.bg",321
"Kristina Vasileva",88867017,"8C","kristina.vasileva.8c@student.hbschool.bg",322
"Lyubomir Hristov",88867006,"8C","lyubomir.hristov.8c@student.hbschool.bg",323
"Martin Hristov",88867004,"8C","martin.hristov.8c@student.hbschool.bg",324
"Milena Stoyanova",88867015,"8C","milena.stoyanova.8c@student.hbschool.bg",325
"Ognyan Nikolov",88867014,"8C","ognyan.nikolov.8c@student.hbschool.bg",326
"Oksana Ivanova",88867005,"8C","oksana.ivanova.8c@student.hbschool.bg",327
"Tanya Stoyanova",88867009,"8C","tanya.stoyanova.8c@student.hbschool.bg",328
"Todor Georgiev",88867002,"8C","todor.georgiev.8c@student.hbschool.bg",329
"Tsvetanka Dimitrova",88867007,"8C","tsvetanka.dimitrova.8c@student.hbschool.bg",330
"Tsvetanka Georgieva",88867019,"8C","tsvetanka.georgieva.8c@student.hbschool.bg",331
"Vladimir Nikolov",88867012,"8C","vladimir.nikolov.8c@student.hbschool.bg",332
"Yasen Georgiev",88867018,"8C","yasen.georgiev.8c@student.hbschool.bg",333
"Yasen Petrov",88867008,"8C","yasen.petrov.8c@student.hbschool.bg",334
"Yasen Stoyanov",88867020,"8C","yasen.stoyanov.8c@student.hbschool.bg",335
"Aleksandar Petkov",88868006,"8D","aleksandar.petkov.8d@student.hbschool.bg",336
"Boris Petrov",88868002,"8D","boris.petrov.8d@student.hbschool.bg",337
"Boryana Petkova",88868011,"8D","boryana.petkova.8d@student.hbschool.bg",338
"Emil Ivanov",88868012,"8D","emil.ivanov.8d@student.hbschool.bg",339
"Eva Vasileva",88868005,"8D","eva.vasileva.8d@student.hbschool.bg",340
"Jivko Stefanov",88868010,"8D","jivko.stefanov.8d@student.hbschool.bg",342
"Lazar Nikolov",88868014,"8D","lazar.nikolov.8d@student.hbschool.bg",343
"Nikola Stefanov",88868018,"8D","nikola.stefanov.8d@student.hbschool.bg",344
"Ognyan Kostov",88868008,"8D","ognyan.kostov.8d@student.hbschool.bg",345
"Petya Hristova",88868017,"8D","petya.hristova.8d@student.hbschool.bg",346
"Petya Stefanova",88868009,"8D","petya.stefanova.8d@student.hbschool.bg",347
"Radina Stoyanova",88868003,"8D","radina.stoyanova.8d@student.hbschool.bg",348
"Ralitsa Kostova",88868019,"8D","ralitsa.kostova.8d@student.hbschool.bg",349
"Simeon Nikolov",88868016,"8D","simeon.nikolov.8d@student.hbschool.bg",350
"Vladimir Stefanov",88868020,"8D","vladimir.stefanov.8d@student.hbschool.bg",351
"Yana Hristova",88868007,"8D","yana.hristova.8d@student.hbschool.bg",352
"Yana Stoyanova",88868015,"8D","yana.stoyanova.8d@student.hbschool.bg",353
"Zhaneta Ivanova",88868001,"8D","zhaneta.ivanova.8d@student.hbschool.bg",354
"Zhaneta Kostova",88868013,"8D","zhaneta.kostova.8d@student.hbschool.bg",355
"Darina Dimitrova",88965001,"9A","darina.dimitrova.9a@student.hbschool.bg",356
"Elitsa Hristova",88965003,"9A","elitsa.hristova.9a@student.hbschool.bg",357
"Eva Nikolova",88965019,"9A","eva.nikolova.9a@student.hbschool.bg",358
"Filip Kostov",88965018,"9A","filip.kostov.9a@student.hbschool.bg",359
"Filip Petkov",88965012,"9A","filip.petkov.9a@student.hbschool.bg",360
"Galina Stoyanova",88965005,"9A","galina.stoyanova.9a@student.hbschool.bg",361
"Georgi Stefanov",88965016,"9A","georgi.stefanov.9a@student.hbschool.bg",362
"Irina Dimitrova",88965017,"9A","irina.dimitrova.9a@student.hbschool.bg",363
"Martin Stoyanov",88965010,"9A","martin.stoyanov.9a@student.hbschool.bg",365
"Milena Vasileva",88965013,"9A","milena.vasileva.9a@student.hbschool.bg",366
"Nikolay Stefanov",88965004,"9A","nikolay.stefanov.9a@student.hbschool.bg",367
"Nikolay Vasilev",88965020,"9A","nikolay.vasilev.9a@student.hbschool.bg",368
"Ognyan Vasilev",88965014,"9A","ognyan.vasilev.9a@student.hbschool.bg",369
"Oksana Kostova",88965007,"9A","oksana.kostova.9a@student.hbschool.bg",370
"Simeon Dimitrov",88965006,"9A","simeon.dimitrov.9a@student.hbschool.bg",371
"Stefka Ivanova",88965009,"9A","stefka.ivanova.9a@student.hbschool.bg",372
"Todor Georgiev",88965002,"9A","todor.georgiev.9a@student.hbschool.bg",373
"Valentin Georgiev",88965008,"9A","valentin.georgiev.9a@student.hbschool.bg",374
"Zhaneta Stefanova",88965011,"9A","zhaneta.stefanova.9a@student.hbschool.bg",375
"Bilyana Georgieva",88966009,"9B","bilyana.georgieva.9b@student.hbschool.bg",376
"Daniela Stoyanova",88966013,"9B","daniela.stoyanova.9b@student.hbschool.bg",377
"Elena Dimitrova",88966007,"9B","elena.dimitrova.9b@student.hbschool.bg",378
"Elitsa Petkova",88966005,"9B","elitsa.petkova.9b@student.hbschool.bg",379
"Galina Vasileva",88966003,"9B","galina.vasileva.9b@student.hbschool.bg",380
"Georgi Stefanov",88966018,"9B","georgi.stefanov.9b@student.hbschool.bg",381
"Hristo Vasilev",88966004,"9B","hristo.vasilev.9b@student.hbschool.bg",382
"Ivan Dimitrov",88966006,"9B","ivan.dimitrov.9b@student.hbschool.bg",383
"Jivko Nikolov",88966002,"9B","jivko.nikolov.9b@student.hbschool.bg",384
"Nevena Hristova",88966017,"9B","nevena.hristova.9b@student.hbschool.bg",385
"Oksana Stoyanova",88966001,"9B","oksana.stoyanova.9b@student.hbschool.bg",386
"Pavel Georgiev",88966014,"9B","pavel.georgiev.9b@student.hbschool.bg",387
"Petya Stefanova",88966011,"9B","petya.stefanova.9b@student.hbschool.bg",388
"Ralitsa Vasileva",88966015,"9B","ralitsa.vasileva.9b@student.hbschool.bg",389
"Rosen Stefanov",88966016,"9B","rosen.stefanov.9b@student.hbschool.bg",390
"Rosen Stefanov",88966020,"9B","rosen.stefanov.9b@student.hbschool.bg",391
"Tanya Vasileva",88966019,"9B","tanya.vasileva.9b@student.hbschool.bg",392
"Valentin Todorov",88966008,"9B","valentin.todorov.9b@student.hbschool.bg",393
"Yasen Nikolov",88966010,"9B","yasen.nikolov.9b@student.hbschool.bg",395
"Aleksandra Nikolova",88967003,"9C","aleksandra.nikolova.9c@student.hbschool.bg",396
"Anton Petkov",88967012,"9C","anton.petkov.9c@student.hbschool.bg",397
"Boris Hristov",88967018,"9C","boris.hristov.9c@student.hbschool.bg",398
"Darina Stefanova",88967009,"9C","darina.stefanova.9c@student.hbschool.bg",399
"Desislava Kostova",88967005,"9C","desislava.kostova.9c@student.hbschool.bg",400
"Elena Nikolova",88967015,"9C","elena.nikolova.9c@student.hbschool.bg",401
"Elitsa Dimitrova",88967007,"9C","elitsa.dimitrova.9c@student.hbschool.bg",402
"Hristina Todorova",88967011,"9C","hristina.todorova.9c@student.hbschool.bg",403
"Kaloyan Vasilev",88967010,"9C","kaloyan.vasilev.9c@student.hbschool.bg",404
"Nikola Dimitrov",88967004,"9C","nikola.dimitrov.9c@student.hbschool.bg",405
"Nikola Vasilev",88967002,"9C","nikola.vasilev.9c@student.hbschool.bg",406
"Olga Stefanova",88967019,"9C","olga.stefanova.9c@student.hbschool.bg",407
"Petya Todorova",88967017,"9C","petya.todorova.9c@student.hbschool.bg",409
"Plamen Dimitrov",88967006,"9C","plamen.dimitrov.9c@student.hbschool.bg",410
"Plamen Todorov",88967016,"9C","plamen.todorov.9c@student.hbschool.bg",411
"Simeon Stoyanov",88967020,"9C","simeon.stoyanov.9c@student.hbschool.bg",412
"Stefan Dimitrov",88967014,"9C","stefan.dimitrov.9c@student.hbschool.bg",413
"Tsvetanka Vasileva",88967001,"9C","tsvetanka.vasileva.9c@student.hbschool.bg",414
"Veselin Georgiev",88967008,"9C","veselin.georgiev.9c@student.hbschool.bg",415
"Anna Vasileva",88968001,"9D","anna.vasileva.9d@student.hbschool.bg",416
"Boris Stefanov",88968006,"9D","boris.stefanov.9d@student.hbschool.bg",417
"Boryana Nikolova",88968017,"9D","boryana.nikolova.9d@student.hbschool.bg",418
"Georgi Nikolov",88968002,"9D","georgi.nikolov.9d@student.hbschool.bg",419
"Irina Hristova",88968007,"9D","irina.hristova.9d@student.hbschool.bg",420
"Ivan Stoyanov",88968016,"9D","ivan.stoyanov.9d@student.hbschool.bg",421
"Ivan Vasilev",88968018,"9D","ivan.vasilev.9d@student.hbschool.bg",422
"Lazar Dimitrov",88968014,"9D","lazar.dimitrov.9d@student.hbschool.bg",423
"Milena Todorova",88968009,"9D","milena.todorova.9d@student.hbschool.bg",424
"Nevena Nikolova",88968019,"9D","nevena.nikolova.9d@student.hbschool.bg",425
"Nevena Todorova",88968005,"9D","nevena.todorova.9d@student.hbschool.bg",426
"Nikolay Georgiev",88968004,"9D","nikolay.georgiev.9d@student.hbschool.bg",427
"Nikolay Todorov",88968010,"9D","nikolay.todorov.9d@student.hbschool.bg",428
"Pavel Nikolov",88968020,"9D","pavel.nikolov.9d@student.hbschool.bg",430
"Petar Hristov",88968012,"9D","petar.hristov.9d@student.hbschool.bg",431
"Violeta Todorova",88968003,"9D","violeta.todorova.9d@student.hbschool.bg",432
"Vladimir Georgiev",88968008,"9D","vladimir.georgiev.9d@student.hbschool.bg",433
"Zhaneta Hristova",88968011,"9D","zhaneta.hristova.9d@student.hbschool.bg",434
"Zlatka Petrova",88968013,"9D","zlatka.petrova.9d@student.hbschool.bg",435
"Bilyana Vasileva",881065017,"10A","bilyana.vasileva.10a@student.hbschool.bg",436
"Daniel Todorov",881065002,"10A","daniel.todorov.10a@student.hbschool.bg",437
"Elena Georgieva",881065013,"10A","elena.georgieva.10a@student.hbschool.bg",438
"Emil Kostov",881065008,"10A","emil.kostov.10a@student.hbschool.bg",439
"Emil Stefanov",881065018,"10A","emil.stefanov.10a@student.hbschool.bg",440
"Galina Stefanova",881065019,"10A","galina.stefanova.10a@student.hbschool.bg",441
"Gergana Kostova",881065001,"10A","gergana.kostova.10a@student.hbschool.bg",442
"Irina Georgieva",881065007,"10A","irina.georgieva.10a@student.hbschool.bg",443
"Irina Hristova",881065009,"10A","irina.hristova.10a@student.hbschool.bg",444
"Jivko Dimitrov",881065016,"10A","jivko.dimitrov.10a@student.hbschool.bg",445
"Kalina Todorova",881065005,"10A","kalina.todorova.10a@student.hbschool.bg",446
"Olga Ivanova",881065015,"10A","olga.ivanova.10a@student.hbschool.bg",448
"Plamen Nikolov",881065020,"10A","plamen.nikolov.10a@student.hbschool.bg",449
"Simeon Petrov",881065010,"10A","simeon.petrov.10a@student.hbschool.bg",450
"Tsvetanka Petrova",881065003,"10A","tsvetanka.petrova.10a@student.hbschool.bg",451
"Veselin Georgiev",881065004,"10A","veselin.georgiev.10a@student.hbschool.bg",452
"Veselin Ivanov",881065012,"10A","veselin.ivanov.10a@student.hbschool.bg",453
"Yana Vasileva",881065011,"10A","yana.vasileva.10a@student.hbschool.bg",454
"Yasen Stoyanov",881065014,"10A","yasen.stoyanov.10a@student.hbschool.bg",455
"Anna Stoyanova",881066001,"10B","anna.stoyanova.10b@student.hbschool.bg",456
"Anton Stefanov",881066014,"10B","anton.stefanov.10b@student.hbschool.bg",457
"Bilyana Georgieva",881066017,"10B","bilyana.georgieva.10b@student.hbschool.bg",458
"Boryana Dimitrova",881066005,"10B","boryana.dimitrova.10b@student.hbschool.bg",459
"Daniel Dimitrov",881066012,"10B","daniel.dimitrov.10b@student.hbschool.bg",460
"Hristina Stefanova",881066013,"10B","hristina.stefanova.10b@student.hbschool.bg",461
"Ivan Hristov",881066010,"10B","ivan.hristov.10b@student.hbschool.bg",462
"Jivko Kostov",881066020,"10B","jivko.kostov.10b@student.hbschool.bg",463
"Kalina Petrova",881066011,"10B","kalina.petrova.10b@student.hbschool.bg",464
"Maria Todorova",881066003,"10B","maria.todorova.10b@student.hbschool.bg",465
"Nikola Petrov",881066016,"10B","nikola.petrov.10b@student.hbschool.bg",466
"Nikolay Georgiev",881066004,"10B","nikolay.georgiev.10b@student.hbschool.bg",467
"Petya Ivanova",881066015,"10B","petya.ivanova.10b@student.hbschool.bg",469
"Radina Petkova",881066009,"10B","radina.petkova.10b@student.hbschool.bg",470
"Simeon Ivanov",881066008,"10B","simeon.ivanov.10b@student.hbschool.bg",471
"Stefan Petkov",881066006,"10B","stefan.petkov.10b@student.hbschool.bg",472
"Viktor Petkov",881066002,"10B","viktor.petkov.10b@student.hbschool.bg",473
"Yana Hristova",881066007,"10B","yana.hristova.10b@student.hbschool.bg",474
"Yana Vasileva",881066019,"10B","yana.vasileva.10b@student.hbschool.bg",475
"Aleksandar Vasilev",881067018,"10C","aleksandar.vasilev.10c@student.hbschool.bg",476
"Aleksandra Stoyanova",881067015,"10C","aleksandra.stoyanova.10c@student.hbschool.bg",477
"Anelia Stoyanova",881067001,"10C","anelia.stoyanova.10c@student.hbschool.bg",478
"Anton Nikolov",881067008,"10C","anton.nikolov.10c@student.hbschool.bg",479
"Boryana Hristova",881067009,"10C","boryana.hristova.10c@student.hbschool.bg",480
"Eva Stoyanova",881067003,"10C","eva.stoyanova.10c@student.hbschool.bg",481
"Hristina Georgieva",881067017,"10C","hristina.georgieva.10c@student.hbschool.bg",482
"Hristo Stefanov",881067016,"10C","hristo.stefanov.10c@student.hbschool.bg",483
"Lazar Petrov",881067014,"10C","lazar.petrov.10c@student.hbschool.bg",484
"Lyubomir Petkov",881067002,"10C","lyubomir.petkov.10c@student.hbschool.bg",485
"Lyubomir Stefanov",881067004,"10C","lyubomir.stefanov.10c@student.hbschool.bg",486
"Olga Dimitrova",881067007,"10C","olga.dimitrova.10c@student.hbschool.bg",488
"Petar Petkov",881067020,"10C","petar.petkov.10c@student.hbschool.bg",489
"Ralitsa Todorova",881067011,"10C","ralitsa.todorova.10c@student.hbschool.bg",490
"Silvia Stefanova",881067005,"10C","silvia.stefanova.10c@student.hbschool.bg",491
"Stefan Ivanov",881067012,"10C","stefan.ivanov.10c@student.hbschool.bg",492
"Stefka Stoyanova",881067013,"10C","stefka.stoyanova.10c@student.hbschool.bg",493
"Todor Petkov",881067010,"10C","todor.petkov.10c@student.hbschool.bg",494
"Viktor Stefanov",881067006,"10C","viktor.stefanov.10c@student.hbschool.bg",495
"Aleksandra Kostova",881068003,"10D","aleksandra.kostova.10d@student.hbschool.bg",496
"Aleksandra Stefanova",881068011,"10D","aleksandra.stefanova.10d@student.hbschool.bg",497
"Boryana Ivanova",881068005,"10D","boryana.ivanova.10d@student.hbschool.bg",498
"Hristo Georgiev",881068002,"10D","hristo.georgiev.10d@student.hbschool.bg",499
"Hristo Ivanov",881068010,"10D","hristo.ivanov.10d@student.hbschool.bg",500
"Ivan Dimitrov",881068006,"10D","ivan.dimitrov.10d@student.hbschool.bg",501
"Ivan Dimitrov",881068018,"10D","ivan.dimitrov.10d@student.hbschool.bg",502
"Kalina Todorova",881068017,"10D","kalina.todorova.10d@student.hbschool.bg",503
"Milena Petkova",881068009,"10D","milena.petkova.10d@student.hbschool.bg",504
"Nevena Petrova",881068013,"10D","nevena.petrova.10d@student.hbschool.bg",505
"Nikolay Petrov",881068008,"10D","nikolay.petrov.10d@student.hbschool.bg",506
"Olga Stefanova",881068015,"10D","olga.stefanova.10d@student.hbschool.bg",507
"Petar Petrov",881068012,"10D","petar.petrov.10d@student.hbschool.bg",508
"Simeon Hristov",881068004,"10D","simeon.hristov.10d@student.hbschool.bg",510
"Stefan Ivanov",881068014,"10D","stefan.ivanov.10d@student.hbschool.bg",511
"Veselin Kostov",881068020,"10D","veselin.kostov.10d@student.hbschool.bg",512
"Violeta Georgieva",881068007,"10D","violeta.georgieva.10d@student.hbschool.bg",513
"Zhaneta Stefanova",881068019,"10D","zhaneta.stefanova.10d@student.hbschool.bg",514
"Zhaneta Stoyanova",881068001,"10D","zhaneta.stoyanova.10d@student.hbschool.bg",515
"Anton Todorov",881165004,"11A","anton.todorov.11a@student.hbschool.bg",516
"Boris Georgiev",881165020,"11A","boris.georgiev.11a@student.hbschool.bg",517
"Daniel Hristov",881165008,"11A","daniel.hristov.11a@student.hbschool.bg",518
"Daniel Kostov",881165016,"11A","daniel.kostov.11a@student.hbschool.bg",519
"Eva Vasileva",881165005,"11A","eva.vasileva.11a@student.hbschool.bg",520
"Filip Petrov",881165010,"11A","filip.petrov.11a@student.hbschool.bg",521
"Filip Stefanov",881165002,"11A","filip.stefanov.11a@student.hbschool.bg",522
"Filip Stoyanov",881165006,"11A","filip.stoyanov.11a@student.hbschool.bg",523
"Hristina Georgieva",881165011,"11A","hristina.georgieva.11a@student.hbschool.bg",524
"Hristina Kostova",881165009,"11A","hristina.kostova.11a@student.hbschool.bg",525
"Karina Hristova",881165015,"11A","karina.hristova.11a@student.hbschool.bg",526
"Martin Nikolov",881165012,"11A","martin.nikolov.11a@student.hbschool.bg",527
"Nikolay Stoyanov",881165018,"11A","nikolay.stoyanov.11a@student.hbschool.bg",528
"Oksana Todorova",881165007,"11A","oksana.todorova.11a@student.hbschool.bg",529
"Ralitsa Hristova",881165003,"11A","ralitsa.hristova.11a@student.hbschool.bg",531
"Stefka Kostova",881165001,"11A","stefka.kostova.11a@student.hbschool.bg",532
"Valentin Kostov",881165014,"11A","valentin.kostov.11a@student.hbschool.bg",533
"Violeta Petkova",881165019,"11A","violeta.petkova.11a@student.hbschool.bg",534
"Atanas Hristov",881166008,"11B","atanas.hristov.11b@student.hbschool.bg",536
"Atanas Hristov",881166020,"11B","atanas.hristov.11b@student.hbschool.bg",537
"Boris Nikolov",881166014,"11B","boris.nikolov.11b@student.hbschool.bg",538
"Darina Petrova",881166003,"11B","darina.petrova.11b@student.hbschool.bg",539
"Emil Ivanov",881166004,"11B","emil.ivanov.11b@student.hbschool.bg",540
"Galina Ivanova",881166009,"11B","galina.ivanova.11b@student.hbschool.bg",541
"Georgi Georgiev",881166018,"11B","georgi.georgiev.11b@student.hbschool.bg",542
"Hristina Ivanova",881166007,"11B","hristina.ivanova.11b@student.hbschool.bg",543
"Hristina Nikolova",881166017,"11B","hristina.nikolova.11b@student.hbschool.bg",544
"Kaloyan Petrov",881166012,"11B","kaloyan.petrov.11b@student.hbschool.bg",545
"Karina Petrova",881166001,"11B","karina.petrova.11b@student.hbschool.bg",546
"Kristina Vasileva",881166005,"11B","kristina.vasileva.11b@student.hbschool.bg",547
"Maria Dimitrova",881166019,"11B","maria.dimitrova.11b@student.hbschool.bg",548
"Maria Hristova",881166015,"11B","maria.hristova.11b@student.hbschool.bg",549
"Martin Petrov",881166002,"11B","martin.petrov.11b@student.hbschool.bg",550
"Nikolay Hristov",881166010,"11B","nikolay.hristov.11b@student.hbschool.bg",551
"Ognyan Kostov",881166006,"11B","ognyan.kostov.11b@student.hbschool.bg",552
"Radina Stefanova",881166013,"11B","radina.stefanova.11b@student.hbschool.bg",553
"Tanya Petkova",881166011,"11B","tanya.petkova.11b@student.hbschool.bg",554
"Todor Kostov",881166016,"11B","todor.kostov.11b@student.hbschool.bg",555
"Gergana Hristova",881167009,"11C","gergana.hristova.11c@student.hbschool.bg",556
"Hristina Stoyanova",881167007,"11C","hristina.stoyanova.11c@student.hbschool.bg",557
"Martin Ivanov",881167012,"11C","martin.ivanov.11c@student.hbschool.bg",559
"Milena Hristova",881167013,"11C","milena.hristova.11c@student.hbschool.bg",560
"Nikola Dimitrov",881167014,"11C","nikola.dimitrov.11c@student.hbschool.bg",561
"Nikola Georgiev",881167002,"11C","nikola.georgiev.11c@student.hbschool.bg",562
"Ognyan Georgiev",881167010,"11C","ognyan.georgiev.11c@student.hbschool.bg",563
"Ognyan Petrov",881167016,"11C","ognyan.petrov.11c@student.hbschool.bg",564
"Oksana Todorova",881167001,"11C","oksana.todorova.11c@student.hbschool.bg",565
"Olga Petrova",881167015,"11C","olga.petrova.11c@student.hbschool.bg",566
"Olga Petrova",881167019,"11C","olga.petrova.11c@student.hbschool.bg",567
"Petya Stefanova",881167011,"11C","petya.stefanova.11c@student.hbschool.bg",568
"Plamen Petrov",881167008,"11C","plamen.petrov.11c@student.hbschool.bg",569
"Silvia Kostova",881167003,"11C","silvia.kostova.11c@student.hbschool.bg",570
"Stefan Vasilev",881167018,"11C","stefan.vasilev.11c@student.hbschool.bg",572
"Stoyan Kostov",881167006,"11C","stoyan.kostov.11c@student.hbschool.bg",573
"Teodora Georgieva",881167005,"11C","teodora.georgieva.11c@student.hbschool.bg",574
"Valentin Petrov",881167020,"11C","valentin.petrov.11c@student.hbschool.bg",575
"Bilyana Hristova",881168005,"11D","bilyana.hristova.11d@student.hbschool.bg",576
"Dimitar Nikolov",881168018,"11D","dimitar.nikolov.11d@student.hbschool.bg",577
"Elitsa Ivanova",881168009,"11D","elitsa.ivanova.11d@student.hbschool.bg",578
"Eva Todorova",881168013,"11D","eva.todorova.11d@student.hbschool.bg",579
"Eva Vasileva",881168017,"11D","eva.vasileva.11d@student.hbschool.bg",580
"Filip Stefanov",881168006,"11D","filip.stefanov.11d@student.hbschool.bg",581
"Kaloyan Stoyanov",881168012,"11D","kaloyan.stoyanov.11d@student.hbschool.bg",582
"Kristina Stoyanova",881168015,"11D","kristina.stoyanova.11d@student.hbschool.bg",583
"Lazar Petrov",881168020,"11D","lazar.petrov.11d@student.hbschool.bg",584
"Nikolay Dimitrov",881168002,"11D","nikolay.dimitrov.11d@student.hbschool.bg",585
"Ognyan Petkov",881168014,"11D","ognyan.petkov.11d@student.hbschool.bg",586
"Petar Vasilev",881168010,"11D","petar.vasilev.11d@student.hbschool.bg",587
"Petya Georgieva",881168007,"11D","petya.georgieva.11d@student.hbschool.bg",588
"Silvia Stefanova",881168003,"11D","silvia.stefanova.11d@student.hbschool.bg",589
"Stoyan Kostov",881168016,"11D","stoyan.kostov.11d@student.hbschool.bg",590
"Stoyan Stefanov",881168008,"11D","stoyan.stefanov.11d@student.hbschool.bg",591
"Teodora Georgieva",881168001,"11D","teodora.georgieva.11d@student.hbschool.bg",593
"Todor Vasilev",881168004,"11D","todor.vasilev.11d@student.hbschool.bg",594
"Zlatka Ivanova",881168019,"11D","zlatka.ivanova.11d@student.hbschool.bg",595
"Aleksandra Hristova",881265003,"12A","aleksandra.hristova.12a@student.hbschool.bg",596
"Atanas Georgiev",881265006,"12A","atanas.georgiev.12a@student.hbschool.bg",597
"Atanas Hristov",881265004,"12A","atanas.hristov.12a@student.hbschool.bg",598
"Elena Kostova",881265005,"12A","elena.kostova.12a@student.hbschool.bg",600
"Kalina Stefanova",881265017,"12A","kalina.stefanova.12a@student.hbschool.bg",601
"Karina Vasileva",881265013,"12A","karina.vasileva.12a@student.hbschool.bg",602
"Kristina Petkova",881265011,"12A","kristina.petkova.12a@student.hbschool.bg",603
"Lyubomir Todorov",881265020,"12A","lyubomir.todorov.12a@student.hbschool.bg",604
"Ognyan Hristov",881265012,"12A","ognyan.hristov.12a@student.hbschool.bg",605
"Ognyan Petrov",881265008,"12A","ognyan.petrov.12a@student.hbschool.bg",606
"Pavel Vasilev",881265018,"12A","pavel.vasilev.12a@student.hbschool.bg",607
"Petar Petkov",881265014,"12A","petar.petkov.12a@student.hbschool.bg",608
"Petar Petrov",881265016,"12A","petar.petrov.12a@student.hbschool.bg",609
"Petya Georgieva",881265009,"12A","petya.georgieva.12a@student.hbschool.bg",610
"Ralitsa Petkova",881265019,"12A","ralitsa.petkova.12a@student.hbschool.bg",611
"Stoyan Petrov",881265002,"12A","stoyan.petrov.12a@student.hbschool.bg",612
"Viktor Petkov",881265010,"12A","viktor.petkov.12a@student.hbschool.bg",613
"Yana Petrova",881265015,"12A","yana.petrova.12a@student.hbschool.bg",614
"Yana Todorova",881265007,"12A","yana.todorova.12a@student.hbschool.bg",615
"Aleksandar Ivanov",881266002,"12B","aleksandar.ivanov.12b@student.hbschool.bg",616
"Aleksandar Vasilev",881266014,"12B","aleksandar.vasilev.12b@student.hbschool.bg",617
"Aleksandra Petrova",881266001,"12B","aleksandra.petrova.12b@student.hbschool.bg",618
"Anton Todorov",881266006,"12B","anton.todorov.12b@student.hbschool.bg",619
"Boryana Ivanova",881266005,"12B","boryana.ivanova.12b@student.hbschool.bg",620
"Emil Nikolov",881266010,"12B","emil.nikolov.12b@student.hbschool.bg",621
"Irina Ivanova",881266017,"12B","irina.ivanova.12b@student.hbschool.bg",623
"Ivan Stoyanov",881266008,"12B","ivan.stoyanov.12b@student.hbschool.bg",624
"Jivko Todorov",881266004,"12B","jivko.todorov.12b@student.hbschool.bg",625
"Milena Todorova",881266013,"12B","milena.todorova.12b@student.hbschool.bg",627
"Nikolay Petrov",881266012,"12B","nikolay.petrov.12b@student.hbschool.bg",628
"Oksana Kostova",881266007,"12B","oksana.kostova.12b@student.hbschool.bg",629
"Pavel Petkov",881266020,"12B","pavel.petkov.12b@student.hbschool.bg",630
"Petar Kostov",881266016,"12B","petar.kostov.12b@student.hbschool.bg",631
"Tsvetanka Todorova",881266019,"12B","tsvetanka.todorova.12b@student.hbschool.bg",632
"Viktor Stefanov",881266018,"12B","viktor.stefanov.12b@student.hbschool.bg",633
"Zhaneta Stoyanova",881266011,"12B","zhaneta.stoyanova.12b@student.hbschool.bg",634
"Zlatka Nikolova",881266003,"12B","zlatka.nikolova.12b@student.hbschool.bg",635
"Aleksandra Dimitrova",881267005,"12C","aleksandra.dimitrova.12c@student.hbschool.bg",636
"Anton Nikolov",881267010,"12C","anton.nikolov.12c@student.hbschool.bg",637
"Anton Nikolov",881267020,"12C","anton.nikolov.12c@student.hbschool.bg",638
"Atanas Ivanov",881267004,"12C","atanas.ivanov.12c@student.hbschool.bg",639
"Daniela Nikolova",881267007,"12C","daniela.nikolova.12c@student.hbschool.bg",640
"Darina Ivanova",881267019,"12C","darina.ivanova.12c@student.hbschool.bg",641
"Elitsa Kostova",881267015,"12C","elitsa.kostova.12c@student.hbschool.bg",642
"Galina Dimitrova",881267011,"12C","galina.dimitrova.12c@student.hbschool.bg",643
"Georgi Petrov",881267002,"12C","georgi.petrov.12c@student.hbschool.bg",644
"Georgi Stoyanov",881267012,"12C","georgi.stoyanov.12c@student.hbschool.bg",645
"Irina Dimitrova",881267001,"12C","irina.dimitrova.12c@student.hbschool.bg",646
"Kaloyan Kostov",881267006,"12C","kaloyan.kostov.12c@student.hbschool.bg",647
"Kaloyan Vasilev",881267014,"12C","kaloyan.vasilev.12c@student.hbschool.bg",648
"Milena Ivanova",881267003,"12C","milena.ivanova.12c@student.hbschool.bg",650
"Ognyan Hristov",881267018,"12C","ognyan.hristov.12c@student.hbschool.bg",651
"Ognyan Petrov",881267008,"12C","ognyan.petrov.12c@student.hbschool.bg",652
"Stefka Ivanova",881267009,"12C","stefka.ivanova.12c@student.hbschool.bg",653
"Stefka Stefanova",881267017,"12C","stefka.stefanova.12c@student.hbschool.bg",654
"Stoyan Dimitrov",881267016,"12C","stoyan.dimitrov.12c@student.hbschool.bg",655
"Atanas Vasilev",881268012,"12D","atanas.vasilev.12d@student.hbschool.bg",656
"Darina Hristova",881268001,"12D","darina.hristova.12d@student.hbschool.bg",657
"Dimitar Hristov",881268008,"12D","dimitar.hristov.12d@student.hbschool.bg",658
"Elena Petrova",881268017,"12D","elena.petrova.12d@student.hbschool.bg",659
"Irina Georgieva",881268009,"12D","irina.georgieva.12d@student.hbschool.bg",660
"Irina Stefanova",881268019,"12D","irina.stefanova.12d@student.hbschool.bg",661
"Kaloyan Petkov",881268016,"12D","kaloyan.petkov.12d@student.hbschool.bg",662
"Lazar Dimitrov",881268006,"12D","lazar.dimitrov.12d@student.hbschool.bg",663
"Lyubomir Todorov",881268002,"12D","lyubomir.todorov.12d@student.hbschool.bg",664
"Silvia Ivanova",881268005,"12D","silvia.ivanova.12d@student.hbschool.bg",665
"Simeon Hristov",881268010,"12D","simeon.hristov.12d@student.hbschool.bg",666
"Stefan Vasilev",881268004,"12D","stefan.vasilev.12d@student.hbschool.bg",668
"Stefka Dimitrova",881268003,"12D","stefka.dimitrova.12d@student.hbschool.bg",669
"Stefka Dimitrova",881268015,"12D","stefka.dimitrova.12d@student.hbschool.bg",670
"Teodora Hristova",881268013,"12D","teodora.hristova.12d@student.hbschool.bg",671
"Tsvetanka Todorova",881268011,"12D","tsvetanka.todorova.12d@student.hbschool.bg",672
"Valentin Vasilev",881268018,"12D","valentin.vasilev.12d@student.hbschool.bg",673
"Vladimir Petkov",881268014,"12D","vladimir.petkov.12d@student.hbschool.bg",674
"Zhaneta Ivanova",881268007,"12D","zhaneta.ivanova.12d@student.hbschool.bg",675
"Borislav Georgiev",882890123,"PHYSICS","borislav.georgiev@hbschool.bg",18
"Anton Petkov",88565010,"5A","anton.petkov.5a@student.hbschool.bg",36
"Aleksandar Dimitrov",88566004,"5B","aleksandar.dimitrov.5b@student.hbschool.bg",56
"Rosen Hristov",88567012,"5C","rosen.hristov.5c@student.hbschool.bg",87
"Aleksandra Vasileva",88665011,"6A","aleksandra.vasileva.6a@student.hbschool.bg",117
"Milena Dimitrova",88666007,"6B","milena.dimitrova.6b@student.hbschool.bg",147
"Silvia Stoyanova",88667001,"6C","silvia.stoyanova.6c@student.hbschool.bg",173
"Georgi Georgiev",88765010,"7A","georgi.georgiev.7a@student.hbschool.bg",199
"Anelia Ivanova",88766003,"7B","anelia.ivanova.7b@student.hbschool.bg",220
"Dimitar Todorov",88767014,"7C","dimitar.todorov.7c@student.hbschool.bg",240
"Tsvetanka Georgieva",88768003,"7D","tsvetanka.georgieva.7d@student.hbschool.bg",271
"Viktor Nikolov",88865016,"8A","viktor.nikolov.8a@student.hbschool.bg",293
"Dimitar Vasilev",88867010,"8C","dimitar.vasilev.8c@student.hbschool.bg",319
"Filip Ivanov",88868004,"8D","filip.ivanov.8d@student.hbschool.bg",341
"Maria Hristova",88965015,"9A","maria.hristova.9a@student.hbschool.bg",364
"Viktor Georgiev",88966012,"9B","viktor.georgiev.9b@student.hbschool.bg",394
"Petya Todorova",88967013,"9C","petya.todorova.9c@student.hbschool.bg",408
"Olga Petrova",88968015,"9D","olga.petrova.9d@student.hbschool.bg",429
"Nikola Kostov",881065006,"10A","nikola.kostov.10a@student.hbschool.bg",447
"Pavel Ivanov",881066018,"10B","pavel.ivanov.10b@student.hbschool.bg",468
"Oksana Stefanova",881067019,"10C","oksana.stefanova.10c@student.hbschool.bg",487
"Plamen Petkov",881068016,"10D","plamen.petkov.10d@student.hbschool.bg",509
"Olga Ivanova",881165017,"11A","olga.ivanova.11a@student.hbschool.bg",530
"Zlatka Stoyanova",881165013,"11A","zlatka.stoyanova.11a@student.hbschool.bg",535
"Maria Vasileva",881167017,"11C","maria.vasileva.11c@student.hbschool.bg",558
"Stefan Petkov",881167004,"11C","stefan.petkov.11c@student.hbschool.bg",571
"Tanya Nikolova",881168011,"11D","tanya.nikolova.11d@student.hbschool.bg",592
"Daniela Hristova",881265001,"12A","daniela.hristova.12a@student.hbschool.bg",599
"Irina Georgieva",881266015,"12B","irina.georgieva.12b@student.hbschool.bg",622
"Milena Todorova",881266009,"12B","milena.todorova.12b@student.hbschool.bg",626
"Milena Hristova",881267013,"12C","milena.hristova.12c@student.hbschool.bg",649
"Simeon Petkov",881268020,"12D","simeon.petkov.12d@student.hbschool.bg",667
